Url,Status,Old Site,Old Site Unique, New Site, New Site Unique, Match
http://178.128.58.116/index.php/Copyright_notice,404,0,0
/Lobby_Groups,200,32,32,32,32,true
/Imperial_Tobacco,200,102,87,102,87,true
/Think_Tanks,200,176,140,175,139,false
/EFFAT,200,38,20,20,20,false
/Japan_Tobacco_International,200,14,12,67,57,false
/Lobbying_Decision_Makers,200,4,4,4,4,true
/E-Cigarettes:_Imperial_Tobacco,200,190,129,138,130,false
/Consumer_Choice_Center,200,29,27,29,27,true
/Crime_Stoppers_International,200,17,14,14,14,false
/Fontem_Ventures,200,14,13,14,13,true
/Adam_Smith_Institute,200,22,19,21,18,false
/Philip_Morris,200,72,64,129,112,false
/E-Cigarettes:_Japan_Tobacco_International,200,72,44,72,44,true
/Institute_of_Economic_Affairs,200,67,56,67,56,true
/Alison_Cooper,200,12,11,12,11,true
/Unite,200,8,7,7,7,false
/Michael_Prideaux,200,3,1,3,1,true
/American_European_Community_Association,200,28,27,28,27,true
/WHO_Definitions_of_Tobacco_Industry_Tactics,200,3,2,2,2,false
/Roberto_Ascoli,200,2,1,1,1,false
/Japan_Tobacco_Group,200,3,3,3,3,true
/Jeff_Stier,200,13,11,11,11,false
https://tobaccotactics.org/wiki/Imperial-Brands,404,0,0
/Chile-Country_Profile,200,41,36,41,36,true
/ECLT,200,66,50,66,50,true
https://tobaccotactics.org/wiki/National-Federation-of-Retail-Newsagents,404,0,0
/Next_Generation_Products:_Imperial_Tobacco,200,31,24,31,24,true
/Gallaher,200,2,2,2,2,true
?title=Roberto_Ascoli&amp;oldid=23687,200,2,1,0,0,false
/UNITAB,200,38,26,26,26,false
/Transport_and_General_Workers_Union,200,6,5,6,5,true
/Anti-Counterfeiting_Group,200,22,14,22,14,true
/E-Cigarettes:_Lorillard,200,7,5,7,5,true
/Sir_David_Nicolson,200,2,2,2,2,true
?title=Imperial_Brands&amp;redirect=no,200,102,87,0,0,false
/Mark_Littlewood,200,25,25,25,25,true
/Drago_Azinovic,200,6,3,6,3,true
/Petrol_Retailers_Association,200,23,21,20,20,false
/Gareth_Davis,200,9,9,9,9,true
/Fetratab,200,29,17,29,17,true
/International_Tobacco_Growers_Association,200,29,22,29,22,true
/Harm_Reduction,200,4,4,4,4,true
/Philip_Morris_International,200,72,64,129,112,false
/Industry_Arguments_Against_Plain_Packaging,200,36,30,36,30,true
/Kangaroo_Group,200,11,9,9,9,false
/Framework_Convention_on_Tobacco_Control,200,17,9,11,11,false
/Confederation_of_European_Community_Cigarette_Manufacturers,200,20,20,20,20,true
https://tobaccotactics.org/wiki/Special:Categories,404,0,0
/Arthur_van_Benthem,200,4,3,4,3,true
/Titus_Wouda_Kuipers,200,6,6,6,6,true
https://tobaccotactics.org/wiki/Federation-of-Indian-Chambers-of-Commerce-%26-Industry,404,0,0
/Carlo_Sacchetto,200,5,5,5,5,true
http://178.128.58.116/index.php?title=Japan_Tobacco&amp;action=edit&amp;redlink=1,404,0,0
https://tobaccotactics.org/wiki/E-Cigarettes:-Imperial%27s-Blu,404,0,0
/Atlas_Network,200,94,72,93,72,false
/Imperial,200,102,87,18,13,false
/Ken_Burnett,200,1,1,1,1,true
/Swedish_Match,200,58,51,51,51,false
/Associated_Chambers_of_Commerce_and_Industry_of_India,200,32,26,32,26,true
/Philip_Morris_USA,200,5,5,5,5,true
/Progressive_Vision,200,13,12,12,12,false
/Retailers_Against_Smuggling,200,15,10,10,10,false
/Smokeless_Tobacco,200,11,11,11,11,true
/Front_Groups,200,3,3,3,3,true
/E-Cigarettes:_Philip_Morris_International,200,55,41,55,41,true
/Imperial_and_Gallaher_Involvement_in_Tobacco_Smuggling,200,18,13,18,13,true
/Plain_Packaging,200,13,7,5,5,false
?title=Ken_Burnett&amp;oldid=23488,200,1,1,0,0,false
https://tobaccotactics.org/wiki/Tobacco-Workers%E2%80%99-Alliance,404,0,0
/JUUL_Labs,200,149,111,149,111,true
/Tobacco_Industry_Hospitality_for_UK_Politicians,200,21,19,21,19,true
/Mark_Williamson,200,4,4,4,4,true
/Snus,200,13,11,13,11,true
/Vigilant_Communication,200,4,4,4,4,true
https://tobaccotactics.org/wiki/Tobacco-Manufacturers%27-Association,404,0,0
https://tobaccotactics.org/wiki/Category:Next-Generation-Products,404,0,0
?title=Michael_Prideaux&amp;oldid=23359,200,3,1,0,0,false
?title=Crime_Stoppers_International&amp;oldid=23404,200,17,14,0,0,false
https://tobaccotactics.org/wiki/Andr%C3%A9-Calantzopoulos,404,0,0
/Confederation_of_British_Industry,200,20,14,20,15,true
/British_American_Tobacco,200,60,51,57,50,false
/Zambia-_Country_Profile,200,39,31,32,32,false
/Kantar,200,23,14,14,14,false
https://tobaccotactics.org/wiki/Category:Plain-Packaging,404,0,0
/Sue_Clark,200,6,4,4,4,false
/TRACIT,200,70,66,70,64,true
?title=Ken_Burnett&amp;action=edit,200,1,1,0,0,false
/Professor_Robert_Eccles,200,21,10,18,10,false
/Industry_Interference_and_the_2001_EU_Tobacco_Products_Directive,200,4,2,4,3,true
https://tobaccotactics.org/wiki/Category:Smuggling,404,0,0
/Contact_Us,200,0,0,0,0,true
/Heated_Tobacco_Products,200,73,58,73,58,true
/Tobacco_Control_Research_Group:_Peer-Reviewed_Research,200,0,0,0,0,true
/About_Us,200,9,9,9,9,true
https://tobaccotactics.org/wiki/Fernando-Dom%C3%ADnguez,404,0,0
/National_Center_for_Public_Policy_Research,200,11,10,11,10,true
/Chris_Argent,200,0,0,0,0,true
https://tobaccotactics.org/wiki/Help:Contents,404,0,0
/JTI,200,14,12,10,10,false
/E-Cigarettes:_British_American_Tobacco,200,184,116,182,117,false
/Helen_Clatworthy,200,3,2,2,2,false
/Yoji_Wakui,200,7,7,7,7,true
/Foundation_for_a_Smoke-Free_World_Grantees,200,1,1,14,9,false
https://tobaccotactics.org/wiki/Category:Tobacco-Companies,404,0,0
/Reviti,200,13,11,12,11,false
/Global_Tobacco_and_Nicotine_Forum,200,9,7,7,7,false
?title=Category:Imperial_Tobacco&amp;action=edit&amp;redlink=1,200,0,0,0,0,true
/E-cigarettes,200,95,78,95,78,true
http://178.128.58.116/index.php?title=Special:RecentChanges&amp;feed=atom,404,0,0
/Ghana-Country_Profile,200,22,14,14,14,false
https://tobaccotactics.org/wiki/Category:Tobacco-Products-Directive,404,0,0
/Beverley_Spencer-Obatoyinbo,200,14,11,14,11,true
https://tobaccotactics.org/wiki/Digital-Coding-%26-Tracking-Association-(DCTA),404,0,0
/Cigarette_Companies_Investing_in_Snus,200,52,36,52,36,true
/Brian_Monteith,200,18,14,18,14,true
/Kenya-_Country_Profile,200,100,71,100,71,true
https://tobaccotactics.org/wiki/Category:Third-Party-Techniques,404,0,0
https://tobaccotactics.org/wiki/Category:Think-Tanks,404,0,0
/Snus:_EU_Ban_on_Snus_Sales,200,50,36,36,36,false
?title=Drago_Azinovic&amp;oldid=24065,200,6,3,0,0,false
/IEA,200,67,56,29,29,false
/BAT,200,60,51,17,9,false
/Mercury,200,27,19,20,20,false
https://tobaccotactics.org/wiki/Special:Search/Editor17,404,0,0
/Altria,200,81,58,90,66,false
https://tobaccotactics.org/wiki/Scottish-Grocers%27-Federation,404,0,0
/Foundation_for_a_Smoke-Free_World,200,107,83,148,118,false
/Futuro_Sin_Humo,200,11,9,11,9,true
https://tobaccotactics.org/wiki/Category:Leaked-Tobacco-Industry-Documents,404,0,0
/Uganda-_Country_Profile,200,36,31,36,31,true
/Shabanji_Opukah,200,5,5,5,5,true
/Yusuf_Abramjee,200,29,19,20,20,false
/Hiring_Independent_Experts,200,0,0,0,0,true
https://tobaccotactics.org/wiki/Kenya--BAT%27s-Tactics-to-Undermine-the-Tobacco-Control-Regulations,404,0,0
/Mueen_Afzal,200,7,6,6,6,false
?title=Philip_Morris_International&amp;redirect=no,200,72,64,0,0,false
http://178.128.58.116/index.php/Special:RecentChangesLinked/Main_Page,404,0,0
/Ogilvy_Group,200,46,43,44,44,false
/Global_Tobacco_and_Nicotine_Forum_2019,200,3,3,3,3,true
https://tobaccotactics.org/wiki/Special:WhatLinksHere/Main-Page,404,0,0
/Swiss_Diplomats_Lobbying_for_PMI,200,21,10,10,10,false
/Revolving_Door,200,1,1,1,1,true
/Foundation_for_a_Smoke-Free_World_Centres_of_Excellence,200,61,37,68,41,false
https://tobaccotactics.org/wiki/Category:Lobby-Groups,404,0,0
?title=Main_Page&amp;action=history,200,0,0,0,0,true
/Trade_Associations,200,21,20,20,20,false
/Third_Party_Techniques,200,9,9,9,9,true
/Global_Forum_on_Nicotine,200,48,33,68,49,false
/Property_Rights_Alliance,200,41,37,37,37,false
/Riccardo_Polosa,200,57,40,40,40,false
https://tobaccotactics.org/wiki/Main-Page,404,0,0
https://tobaccotactics.org/wiki/TobaccoTactics:General-disclaimer,404,0,0
/RJ_Reynolds,200,8,7,7,7,false
/Eddy_Abdurrachman,200,6,4,6,4,true
https://tobaccotactics.org/wiki/TobaccoTactics:Privacy-policy,404,0,0
https://tobaccotactics.org/wiki/The-TaxPayers%27-Alliance,404,0,0
/General_Disclaimer,200,0,0,0,0,true
/Forest,200,51,47,47,47,false
?title=Main_Page&amp;action=edit,200,0,0,0,0,true
?title=Main_Page&amp;printable=yes,200,0,0,0,0,true
https://tobaccotactics.org/wiki/TobaccoTactics:About,404,0,0
/European_Cigar_Manufacturers_Association,200,30,27,26,26,false
?title=Main_Page&amp;oldid=24067,200,0,0,0,0,true
/The_Freedom_Association,200,11,11,11,11,true
/All-Party_Parliamentary_Group_(APPG)_for_Vaping_(E-Cigarettes),200,58,43,58,43,true
/Tobacco_Smuggling,200,40,28,38,28,false
/McKinsey,200,43,41,43,41,true
?title=Category:Japan_Tobacco_International&amp;action=edit&amp;redlink=1,200,0,0,0,0,true
/Special:WhatLinksHere/Alison_Cooper,200,0,0,12,11,false
https://tobaccotactics.org/wiki/Special:Log/Editor17,404,0,0
?title=Crime_Stoppers_International&amp;action=history,200,17,14,0,0,false
/E-Cigarettes:_Marketing_Blu,200,11,7,7,7,false
https://tobaccotactics.org/wiki/Special:SpecialPages,404,0,0
http://178.128.58.116/index.php/Special:RecentChangesLinked/Crime_Stoppers_International,404,0,0
?title=E-Cigarettes:_Lorillard&amp;oldid=23904,200,7,5,0,0,false
https://tobaccotactics.org/wiki/Category:E-Cigarettes,404,0,0
/Snus:_Marketing_to_Youth,200,15,14,14,14,false
/EU_Tobacco_Products_Directive_Revision,200,44,27,27,27,false
?title=Main_Page&amp;action=info,200,0,0,0,0,true
?title=Tobacco_Workers%E2%80%99_Alliance&amp;action=history,200,17,12,0,0,false
?title=Arthur_van_Benthem&amp;action=history,200,4,3,0,0,false
?title=Alison_Cooper&amp;printable=yes,200,12,11,0,0,false
?title=Crime_Stoppers_International&amp;printable=yes,200,17,14,0,0,false
https://tobaccotactics.org/wiki/Category:Tobacco-Industry-People,404,0,0
?title=Category:Philippines&amp;action=edit&amp;redlink=1,200,0,0,0,0,true
?title=Tobacco_Workers%E2%80%99_Alliance&amp;action=edit,200,17,12,0,0,false
http://178.128.58.116/index.php?title=Talk:Arthur_van_Benthem&amp;action=edit&amp;redlink=1,404,0,0
https://tobaccotactics.org/wiki/PMI%E2%80%99s-%E2%80%9CIllicit-Trade%E2%80%9D-Anti-Plain-Packaging-Campaign,404,0,0
https://tobaccotactics.org/wiki/Category:EU,404,0,0
/UK_Vaping_Industry_Association_(UKVIA),200,87,54,61,61,false
/Motorsport_Sponsorship,200,105,75,105,75,true
?title=Alison_Cooper&amp;action=edit,200,12,11,0,0,false
?title=Imperial&amp;redirect=no,200,102,87,0,0,false
/International_Tax_and_Investment_Center,200,71,53,71,53,true
?title=Kangaroo_Group&amp;action=edit,200,11,9,0,0,false
?title=E-Cigarettes:_Imperial%27s_Blu&amp;oldid=23899,200,16,13,0,0,false
?title=Alison_Cooper&amp;action=history,200,12,11,0,0,false
?title=Kangaroo_Group&amp;oldid=23479,200,11,9,0,0,false
?title=Alison_Cooper&amp;oldid=23201,200,12,11,0,0,false
?title=Category:Philip_Morris_International&amp;action=edit&amp;redlink=1,200,0,0,0,0,true
http://178.128.58.116/index.php?title=Talk:Crime_Stoppers_International&amp;action=edit&amp;redlink=1,404,0,0
/History_of_Plain_Packaging:_Developing_the_Intellectual_Property_Argument,200,13,12,13,12,true
/E-Cigarettes:_Altria,200,36,25,33,26,false
?title=Arthur_van_Benthem&amp;action=edit,200,4,3,0,0,false
https://tobaccotactics.org/wiki/Category:Arguments-and-Language,404,0,0
?title=Crime_Stoppers_International&amp;action=info,200,17,14,0,0,false
/Special:WhatLinksHere/Arthur_van_Benthem,200,0,0,4,3,false
?title=Category:South_Africa&amp;action=edit&amp;redlink=1,200,0,0,0,0,true
http://178.128.58.116/index.php?title=Istvan_Komoroczki&amp;action=edit&amp;redlink=1,404,0,0
/Arthur_Butler,200,5,5,5,5,true
/Nick_Gibbon,200,3,3,3,3,true
/Othmar_Karas,200,6,6,6,6,true
/TPD:_Tobacco_Control_Measures,200,1,1,1,1,true
/Special:WhatLinksHere/Crime_Stoppers_International,200,0,0,14,14,false
/Blue_Star_Strategies,200,7,7,7,7,true
?title=Arthur_van_Benthem&amp;oldid=24018,200,4,3,0,0,false
http://178.128.58.116/index.php?title=Talk:Tobacco_Workers%E2%80%99_Alliance&amp;action=edit&amp;redlink=1,404,0,0
http://178.128.58.116/index.php?title=Talk:Kangaroo_Group&amp;action=edit&amp;redlink=1,404,0,0
https://tobaccotactics.org/wiki/E-Cigarettes:-BAT%27s-Vype-and-Vuse,404,0,0
http://178.128.58.116/index.php?title=Talk:Main_Page&amp;action=edit&amp;redlink=1,404,0,0
?title=Category:Latin_America_and_Caribbean&amp;action=edit&amp;redlink=1,200,0,0,0,0,true
/Tobacco_Advisory_Council,200,13,12,12,12,false
http://178.128.58.116/index.php/Special:RecentChangesLinked/Alison_Cooper,404,0,0
?title=Alison_Cooper&amp;action=info,200,12,11,0,0,false
?title=Crime_Stoppers_International&amp;action=edit,200,17,14,0,0,false
http://178.128.58.116/index.php?title=Talk:Alison_Cooper&amp;action=edit&amp;redlink=1,404,0,0
https://tobaccotactics.org/wiki/Category:UK,404,0,0
?title=Category:Consultancies&amp;action=edit&amp;redlink=1,200,0,0,0,0,true
https://tobaccotactics.org/wiki/Special:WhatLinksHere/User-talk:Editor17,404,0,0
/Tim_Haigh,200,27,24,27,24,true
https://tobaccotactics.org/wiki/Category:Transnational-Lobby-Networks,404,0,0
https://tobaccotactics.org/wiki/Special:UserRights/Editor17,404,0,0
https://tobaccotactics.org/wiki/User-talk:Editor17,404,0,0
/ASI:_History_of_Close_Ties_with_the_Tobacco_Industry,200,15,15,15,15,true
?title=Special:Log&amp;page=User_talk:Editor17,200,0,0,0,0,true
https://tobaccotactics.org/wiki/Special:WantedCategories,404,0,0
https://tobaccotactics.org/wiki/Special:Contributions/Editor17,404,0,0
http://178.128.58.116/index.php?title=Talk:E-Cigarettes:_Lorillard&amp;action=edit&amp;redlink=1,404,0,0
https://tobaccotactics.org/wiki/Category:Front-Groups,404,0,0
/Tobacco_Control_Research_Group:_Evidence_on_Plain_Packaging,200,30,15,16,16,false
https://tobaccotactics.org/wiki/Special:Contributions/Editor15,404,0,0
https://tobaccotactics.org/wiki/Libertarians,404,0,0
?title=Category:British_American_Tobacco&amp;action=edit&amp;redlink=1,200,0,0,0,0,true
https://tobaccotactics.org/wiki/International-Labour-Organisation,404,0,0
/PMI_Mobilised_Support_from_Retailers,200,26,17,18,18,false
https://tobaccotactics.org/wiki/UST,404,0,0
/Roberto_Funari,200,1,1,1,1,true
/Plain_Packaging_in_the_UK,200,41,38,37,37,false
?title=Sir_David_Nicolson&amp;oldid=22428,200,2,2,0,0,false
?title=Next_Generation_Products:_Imperial_Tobacco&amp;oldid=23382,200,31,24,0,0,false
/Hiroshi_Kimura,200,10,9,10,9,true
http://178.128.58.116/index.php?title=Talk:Roberto_Ascoli&amp;action=edit&amp;redlink=1,404,0,0
/Countering_Industry_Arguments_against_Plain_Packaging,200,0,0,0,0,true
http://178.128.58.116/index.php?title=Talk:EFFAT&amp;action=edit&amp;redlink=1,404,0,0
/Robert_Dyrbus,200,2,2,1,1,false
?title=Chile-Country_Profile&amp;oldid=23291,200,41,36,0,0,false
?title=Roberto_Ascoli&amp;action=history,200,2,1,0,0,false
/Nigel_Adams,200,7,6,6,6,false
/Tobacco_Retailers_Alliance,200,18,16,18,17,true
/Michael_Herlihy,200,1,1,1,1,true
?title=Arthur_van_Benthem&amp;printable=yes,200,4,3,0,0,false
?title=Mark_Williamson&amp;oldid=23336,200,4,4,0,0,false
?title=Kangaroo_Group&amp;action=history,200,11,9,0,0,false
http://178.128.58.116/index.php?title=Sovereign_Strategy&amp;action=edit&amp;redlink=1,404,0,0
/Product_Innovation,200,12,11,10,10,false
/Andre_Calantzopoulos,200,6,6,5,5,false
/Jacek_Olczak,200,3,3,3,3,true
/Global_Tobacco_and_Nicotine_Forum_2015,200,2,1,1,1,false
?title=UNITAB&amp;oldid=23944,200,38,26,0,0,false
?title=EFFAT&amp;oldid=23545,200,38,20,0,0,false
/Bertrand_Bonvin,200,5,4,6,5,false
https://tobaccotactics.org/wiki/PMI%E2%80%99s-Lobbying-Campaign-to-Undermine-the-TPD,404,0,0
/Tobacco_Industry_Arguments_Against_Taxation,200,25,20,20,20,false
/Patrick_Brunel,200,3,1,1,1,false
?title=American_European_Community_Association&amp;oldid=23207,200,28,27,0,0,false
?title=Tobacco_Workers%E2%80%99_Alliance&amp;printable=yes,200,17,12,0,0,false
/Christopher_Snowdon,200,57,51,57,51,true
?title=Carlo_Sacchetto&amp;oldid=23862,200,5,5,0,0,false
/Martin_Cullip,200,48,43,44,44,false
/Matthew_Phillips,200,3,3,3,3,true
/Kevin_Freudenthal,200,3,2,2,2,false
http://178.128.58.116/index.php?title=Talk:Sir_David_Nicolson&amp;action=edit&amp;redlink=1,404,0,0
https://tobaccotactics.org/wiki/Category:Product-Innovation,404,0,0
/Iain_Napier,200,2,2,2,2,true
/International_Labour_Organization_(ILO),200,43,28,43,28,true
/Global_Tobacco_and_Nicotine_Forum_2017,200,4,3,3,3,false
/Shane_Frith,200,8,8,8,8,true
?title=Fetratab&amp;oldid=23588,200,29,17,0,0,false
/E-cigarettes:_Industry_Timeline,200,0,0,0,0,true
?title=Gareth_Davis&amp;oldid=23810,200,9,9,0,0,false
/David_Haines,200,2,2,2,2,true
?title=Tobacco_Workers%E2%80%99_Alliance&amp;oldid=23760,200,17,12,0,0,false
http://178.128.58.116/index.php/Special:RecentChangesLinked/Arthur_van_Benthem,404,0,0
/Display_Ban,200,8,8,8,8,true
?title=Tobacco_Workers%E2%80%99_Alliance&amp;action=info,200,17,12,0,0,false
https://tobaccotactics.org/wiki/PMI%27s-Anti-Plain-Packaging-Lobbying-Campaign,404,0,0
https://tobaccotactics.org/wiki/Category:Legal-Strategy,404,0,0
https://tobaccotactics.org/wiki/Special:WhatLinksHere/Tobacco-Workers%E2%80%99-Alliance,404,0,0
/Codentify,200,65,37,63,38,false
/PMI,200,72,64,50,50,false
http://178.128.58.116/index.php?title=Talk:Michael_Prideaux&amp;action=edit&amp;redlink=1,404,0,0
/Australia:_Challenging_Legislation,200,28,19,28,19,true
https://tobaccotactics.org/wiki/Special:Contributions/Editor4,404,0,0
?title=National_Federation_of_Retail_Newsagents&amp;redirect=no,200,22,20,0,0,false
/Duke_University_and_the_Tobacco_Industry,200,23,22,22,22,false
/CSR_Strategy,200,16,15,24,20,false
?title=Gallaher&amp;oldid=23807,200,2,2,0,0,false
http://178.128.58.116/index.php/Special:RecentChangesLinked/Transport_and_General_Workers_Union,404,0,0
/Louis_C._Camilleri,200,11,7,7,7,false
/Liberal_Vision,200,11,11,11,11,true
?title=Sir_David_Nicolson&amp;printable=yes,200,2,2,0,0,false
?title=Sir_David_Nicolson&amp;action=history,200,2,2,0,0,false
/Special:WhatLinksHere/Sir_David_Nicolson,200,0,0,2,2,false
/David_Bernick,200,2,2,2,2,true
/Deloitte,200,37,32,31,31,false
https://tobaccotactics.org/wiki/Category:Challenging-Legislation,404,0,0
/Federation_of_Independent_Retailers_(NFRN),200,22,20,22,20,true
?title=Special:Categories&amp;dir=prev,200,0,0,0,0,true
/Influencing_Science,200,0,0,6,4,false
/Special:WhatLinksHere/Transport_and_General_Workers_Union,200,0,0,6,5,false
http://178.128.58.116/index.php/Special:RecentChangesLinked/Gallaher,404,0,0
?title=Fontem_Ventures&amp;action=history,200,14,13,0,0,false
/E-cigarettes:_At_The_Pharmacy,200,10,5,10,5,true
/Special:WhatLinksHere/Fontem_Ventures,200,0,0,14,13,false
http://178.128.58.116/index.php?title=Talk:Gallaher&amp;action=edit&amp;redlink=1,404,0,0
https://tobaccotactics.org/wiki/CECCM,404,0,0
/Global_Tobacco_Networking_Forum_2013,200,1,1,1,1,true
?title=File:E-lites_June2014.JPG&amp;action=history,200,0,0,0,0,true
/E-cigarettes:_Mixing_Research_and_Marketing,200,3,2,3,2,true
/Tobacco_Industry_Platform,200,5,5,5,5,true
/Plain_Packaging_in_the_UK:_Second_Consultation,200,47,39,39,39,false
http://178.128.58.116/index.php/Special:RecentChangesLinked/Fontem_Ventures,404,0,0
?title=Gallaher&amp;printable=yes,200,2,2,0,0,false
/Michiel_Reerink,200,12,8,12,8,true
?title=Special:Categories&amp;offset=Climate,200,0,0,0,0,true
/The_Plain_Pack_Group,200,29,25,29,25,true
http://178.128.58.116/index.php?title=Talk:Transport_and_General_Workers_Union&amp;action=edit&amp;redlink=1,404,0,0
/Harold_Brown,200,4,3,3,3,false
/Global_Tobacco_Networking_Forum_2012,200,3,3,1,1,false
?title=File:E-lites_June2014.JPG&amp;action=info,200,0,0,0,0,true
/Letter_to_the_Editor,200,1,1,1,1,true
/Global_Tobacco_Networking_Forum_2014,200,3,1,3,3,true
http://178.128.58.116/index.php/Special:RecentChangesLinked/Sir_David_Nicolson,404,0,0
?title=Transport_and_General_Workers_Union&amp;printable=yes,200,6,5,0,0,false
?title=Titus_Wouda_Kuipers&amp;oldid=23747,200,6,6,0,0,false
https://tobaccotactics.org/wiki/Special:WhatLinksHere/File:E-lites-June2014.JPG,404,0,0
?title=File:E-lites_June2014.JPG&amp;oldid=18561,200,0,0,0,0,true
https://tobaccotactics.org/wiki/Category:Heated-Tobacco-Products,404,0,0
/Mathis_Cabiallavetta,200,1,1,1,1,true
http://178.128.58.116/index.php/Special:RecentChangesLinked/File:E-lites_June2014.JPG,404,0,0
?title=Gallaher&amp;action=edit,200,2,2,0,0,false
https://tobaccotactics.org/wiki/Category:Harm-Reduction,404,0,0
/Gallaher_versus_its_Cypriot_distributor,200,15,8,15,8,true
/Special:WhatLinksHere/Gallaher,200,0,0,2,2,false
?title=Transport_and_General_Workers_Union&amp;oldid=23935,200,6,5,0,0,false
?title=Sir_David_Nicolson&amp;action=edit,200,2,2,0,0,false
?title=Transport_and_General_Workers_Union&amp;action=history,200,6,5,0,0,false
https://tobaccotactics.org/wiki/ITC-Ltd,404,0,0
/Instinctif_Partners,200,14,13,13,13,false
https://tobaccotactics.org/wiki/Category:Online-Strategy,404,0,0
/Advertising_Strategy,200,22,20,22,20,true
?title=Transport_and_General_Workers_Union&amp;action=edit,200,6,5,0,0,false
?title=Gallaher&amp;action=history,200,2,2,0,0,false
/Special:WhatLinksHere/Kangaroo_Group,200,0,0,9,9,false
http://178.128.58.116/index.php/Special:RecentChangesLinked/Tobacco_Workers%E2%80%99_Alliance,404,0,0
?title=Fontem_Ventures&amp;oldid=24021,200,14,13,0,0,false
/Pro-Tobacco_Bloggers,200,0,0,0,0,true
https://tobaccotactics.org/wiki/Category:Influencing-Science,404,0,0
http://178.128.58.116/index.php?title=File_talk:E-lites_June2014.JPG&amp;action=edit&amp;redlink=1,404,0,0
/Legal_Strategy,200,5,4,0,0,false
?title=Transport_and_General_Workers_Union&amp;action=info,200,6,5,0,0,false
?title=File:E-lites_June2014.JPG&amp;action=edit,200,0,0,0,0,true
?title=File:E-lites_June2014.JPG&amp;printable=yes,200,0,0,0,0,true
/Walter_Prinz,200,2,1,1,1,false
https://tobaccotactics.org/wiki/Special:Contributions/Editor5,404,0,0
/Lars-Erik_Rutqvist,200,7,7,7,7,true
?title=Fontem_Ventures&amp;action=edit,200,14,13,0,0,false
/CN_Creative,200,13,13,13,13,true
?title=Fontem_Ventures&amp;printable=yes,200,14,13,0,0,false
/IEA:_History_of_Close_Ties_with_the_Tobacco_Industry,200,30,30,29,29,false
/EU_Better_Regulation,200,24,13,13,13,false
/Almos_Molnar,200,5,5,5,5,true
/Eamonn_Butler,200,5,5,5,5,true
http://178.128.58.116/index.php?title=Talk:Fontem_Ventures&amp;action=edit&amp;redlink=1,404,0,0
https://tobaccotactics.org/wiki/Category:Hiring-Independent-Experts,404,0,0
https://tobaccotactics.org/wiki/Tobacco-Products-Directive,404,0,0
?title=Gallaher&amp;action=info,200,2,2,0,0,false
/Andrew_Cave,200,1,1,1,1,true
/Susan_Murray,200,2,2,2,2,true
/Global_Tobacco_and_Nicotine_Forum_2016,200,2,1,1,1,false
?title=File:Ingredients_Platform.JPG&amp;oldid=19061,200,0,0,0,0,true
/Plain_Packaging_in_the_UK:_Tobacco_Industry_Funded_Third_Party_Campaigns,200,37,29,29,29,false
?title=E-Cigarettes:_Lorillard&amp;action=edit,200,7,5,0,0,false
?title=Category:Sweden&amp;action=edit&amp;redlink=1,200,0,0,0,0,true
/London_Economics,200,4,3,3,3,false
/SMPM_International,200,12,10,10,10,false
https://tobaccotactics.org/wiki/Category:International-Agencies-and-Regulation,404,0,0
http://178.128.58.116/index.php?title=Talk:Titus_Wouda_Kuipers&amp;action=edit&amp;redlink=1,404,0,0
?title=Associated_Chambers_of_Commerce_and_Industry_of_India&amp;oldid=23463,200,32,26,0,0,false
/EPICENTER,200,34,30,34,30,true
/British_Brands_Group,200,26,16,25,16,false
/Countering_Industry_Arguments_Against_Plain_Packaging:_It_will_Lead_to_Increased_Smuggling,200,36,29,36,29,true
/U.S._Smokeless_Tobacco_Company,200,3,3,2,2,false
?title=Lobby_Groups&amp;oldid=23513,200,32,32,0,0,false
http://178.128.58.116/index.php?title=Talk:Snus&amp;action=edit&amp;redlink=1,404,0,0
https://tobaccotactics.org/wiki/Category:Hospitality,404,0,0
/Lars_Dahlgren,200,2,2,2,2,true
?title=Special:Log&amp;page=User:Editor17,200,0,0,0,0,true
?title=Framework_Convention_on_Tobacco_Control&amp;oldid=23622,200,17,9,0,0,false
?title=Snus&amp;oldid=23923,200,13,11,0,0,false
http://178.128.58.116/index.php?title=Talk:Carlo_Sacchetto&amp;action=edit&amp;redlink=1,404,0,0
/Aspect_Consulting,200,7,7,7,7,true
/Centre_for_Policy_Studies,200,11,11,11,11,true
?title=Special:Categories&amp;offset=&amp;limit=20,200,0,0,0,0,true
?title=Crime_Stoppers_International&amp;amp%3Boldid=23404&amp;printable=yes,200,17,14,0,0,false
/Media_Strategy,200,3,3,3,3,true
/Forest_EU,200,8,7,7,7,false
/Martin_J._Barrington,200,5,5,5,5,true
/Tim_Evans,200,17,9,17,9,true
/Plain_Packaging_in_the_UK:_Tobacco_Company_Opposition,200,49,38,38,38,false
/Nikos_Mertzanidis,200,5,2,3,3,false
/Countering_Industry_Arguments_Against_Plain_Packaging:_It_will_Cost_Small_Businesses,200,6,6,6,6,true
http://178.128.58.116/index.php?title=Talk:Ken_Burnett&amp;action=edit&amp;redlink=1,404,0,0
http://178.128.58.116/index.php?title=New_Direction&amp;action=edit&amp;redlink=1,404,0,0
?title=Unite&amp;oldid=23945,200,8,7,0,0,false
?title=Arthur_van_Benthem&amp;action=info,200,4,3,0,0,false
/European_Science_and_Environment_Forum,200,11,9,9,9,false
http://178.128.58.116/index.php?title=Talk:Andr%C3%A9_Calantzopoulos&amp;action=edit&amp;redlink=1,404,0,0
/BAT_Funded_Lobbying_Against_Plain_Packaging,200,17,9,17,9,true
/Alessandro_Tschirkov,200,3,1,3,1,true
/Gerry_Stimson,200,53,46,48,44,false
/FCTC_Compliance_in_Africa,200,11,6,11,6,true
/Challenging_Legislation,200,0,0,0,0,true
/Nicholas_Brown,200,1,1,1,1,true
/Global_Tobacco_Networking_Forum_2010,200,1,1,1,1,true
/Brian_Binley,200,15,15,15,15,true
?title=E-Cigarettes:_Imperial%27s_Blu&amp;action=edit,200,16,13,0,0,false
/Kevin_Click,200,3,3,3,3,true
http://178.128.58.116/index.php/Plain_Packaging_in_the_UK:_Tobacco_Industry_Funded_Research,404,0,0
/Peter_Middleton,200,7,5,5,5,false
/Simon_Clark,200,35,33,33,33,false
/Fraser_Institute,200,8,8,8,8,true
/The_Free_Society,200,6,5,6,5,true
/International_Chamber_of_Commerce,200,38,30,37,30,false
/Tobacco_Smuggling_in_the_UK,200,12,8,12,8,true
http://178.128.58.116/index.php/Special:RecentChangesLinked/Ken_Burnett,404,0,0
https://tobaccotactics.org/wiki/User:Editor17,404,0,0
http://178.128.58.116/index.php?title=Talk:Unite&amp;action=edit&amp;redlink=1,404,0,0
http://178.128.58.116/index.php?title=Talk:Gareth_Davis&amp;action=edit&amp;redlink=1,404,0,0
?title=International_Tobacco_Growers_Association&amp;oldid=23437,200,29,22,0,0,false
?title=File:Unitab_logos.JPG&amp;oldid=19067,200,0,0,0,0,true
?title=Sir_David_Nicolson&amp;action=info,200,2,2,0,0,false
?title=Category:India&amp;action=edit&amp;redlink=1,200,0,0,0,0,true
/Indian_Tobacco_Company_Limited,200,53,31,53,31,true
/E-cigarettes:_Marketing,200,42,31,32,32,false
?title=Ken_Burnett&amp;action=history,200,1,1,0,0,false
?title=Titus_Wouda_Kuipers&amp;action=edit,200,6,6,0,0,false
https://tobaccotactics.org/wiki/Category:Snus,404,0,0
?title=Category:Europe&amp;action=edit&amp;redlink=1,200,0,0,0,0,true
https://tobaccotactics.org/wiki/Category:Libertarians,404,0,0
/Crispin_Blunt,200,4,2,2,2,false
/Hands_Off_Our_Packs,200,31,20,28,20,false
/BAT_Involvement_in_Tobacco_Smuggling,200,10,10,9,9,false
https://tobaccotactics.org/wiki/Chris-Snowdon,404,0,0
https://tobaccotactics.org/wiki/Category:Display-Ban,404,0,0
https://tobaccotactics.org/wiki/Special:WhatLinksHere/Roberto-Ascoli,,[WinError 10060] A connection attempt failed because the connected party did not properly respond after a period of time,, or established connection failed because connected host has failed to respond,,0,0
?title=Category:Chile&amp;action=edit&amp;redlink=1,200,0,0,0,0,true
/Aidan_Burley,200,5,5,5,5,true
/Colin_Wragg,200,7,7,7,7,true
/Richard_Ross,200,5,4,4,4,false
/Angela_Harbutt,200,17,14,17,14,true
/United_Nations_Global_Compact_(UNGC),200,23,19,19,19,false
?title=Carlo_Sacchetto&amp;action=edit,200,5,5,0,0,false
/Craig_Schwartz,200,1,1,1,1,true
https://tobaccotactics.org/wiki/Category:Price-and-Tax,404,0,0
?title=Category:Cannabis&amp;action=edit&amp;redlink=1,200,0,0,0,0,true
/Martin_Broughton,200,2,2,1,1,false
/FOI,200,4,4,10,10,false
/Berge_Setrakian,200,2,2,2,2,true
/Neil_Hamilton,200,33,14,33,15,true
?title=E-Cigarettes:_Lorillard&amp;action=history,200,7,5,0,0,false
/Waldemar_Zegar,200,3,1,1,1,false
/Markus_Ersmark,200,3,3,0,0,false
http://178.128.58.116/index.php/Special:RecentChangesLinked/Kangaroo_Group,404,0,0
/History_of_Forest,200,75,72,75,72,true
?title=Ken_Burnett&amp;amp%3Boldid=23488&amp;printable=yes,200,1,1,0,0,false
/Australia:_Trademark_Claims,200,25,18,25,18,true
/Cliff_Fleet,200,9,7,9,7,true
/Legal_Claims,200,4,4,4,4,true
https://tobaccotactics.org/wiki/Special:WhatLinksHere/User:Editor17,404,0,0
/William_Gifford,200,6,4,5,4,false
?title=Snus&amp;action=edit,200,13,11,0,0,false
https://tobaccotactics.org/wiki/Category:PR-Companies,404,0,0
?title=Roberto_Ascoli&amp;action=edit,200,2,1,0,0,false
?title=ECLT&amp;oldid=23992,200,66,50,0,0,false
/Astroturfing,200,16,12,16,12,true
?title=Category:Armenia&amp;action=edit&amp;redlink=1,200,0,0,0,0,true
/Illicit_Trade_Protocol_(ITP),200,15,13,15,13,true
http://178.128.58.116/index.php?title=Talk:Mark_Williamson&amp;action=edit&amp;redlink=1,404,0,0
https://tobaccotactics.org/wiki/Category:Lobbying-Decision-Makers,404,0,0
/Countering_Critics,200,1,1,1,1,true
http://178.128.58.116/index.php?title=Talk:E-Cigarettes:_Imperial%27s_Blu&amp;action=edit&amp;redlink=1,404,0,0
/Louise_Day,200,3,2,2,2,false
/Alun_Cairns,200,9,9,9,9,true
/Manifesto_Club,200,12,12,12,12,true
?title=Michael_Prideaux&amp;action=edit,200,3,1,0,0,false
?title=Mark_Williamson&amp;action=edit,200,4,4,0,0,false
?title=Retailers_Against_Smuggling&amp;oldid=23674,200,15,10,0,0,false
http://178.128.58.116/index.php?title=File_talk:Ingredients_Platform.JPG&amp;action=edit&amp;redlink=1,404,0,0
/Munetaka_Takeda,200,3,2,3,2,true
/Special:WhatLinksHere/Vigilant_Communication,200,0,0,4,4,false
?title=Vigilant_Communication&amp;oldid=15521,200,4,4,0,0,false
/Special:WhatLinksHere/Titus_Wouda_Kuipers,200,0,0,6,6,false
http://178.128.58.116/index.php/Special:RecentChangesLinked/File:Unitab_logos.JPG,404,0,0
/Members_of_UK_Parliament_Opposed_to_Plain_Packaging,200,29,24,29,24,true
/MARQUES,200,13,11,13,11,true
?title=Retailers_Against_Smuggling&amp;action=edit,200,15,10,0,0,false
/Special:WhatLinksHere/Associated_Chambers_of_Commerce_and_Industry_of_India,200,0,0,32,26,false
http://178.128.58.116/index.php/Special:RecentChangesLinked/Roberto_Ascoli,404,0,0
/Tobacco_Alliance,200,1,1,1,1,true
/Heartland_Institute,200,12,11,12,12,true
?title=Category:Malawi&amp;action=edit&amp;redlink=1,200,0,0,0,0,true
/Therese_Coffey,200,11,10,11,10,true
?title=Drago_Azinovic&amp;action=edit,200,6,3,0,0,false
?title=Confederation_of_British_Industry&amp;oldid=23324,200,20,14,0,0,false
/Special:WhatLinksHere/Mark_Williamson,200,0,0,4,4,false
https://tobaccotactics.org/wiki/UNICE,404,0,0
http://178.128.58.116/index.php/Special:RecentChangesLinked/Mark_Williamson,404,0,0
?title=Mark_Williamson&amp;action=history,200,4,4,0,0,false
?title=E-Cigarettes:_Imperial%27s_Blu&amp;printable=yes,200,16,13,0,0,false
?title=Titus_Wouda_Kuipers&amp;action=history,200,6,6,0,0,false
http://178.128.58.116/index.php/Special:RecentChangesLinked/Michael_Prideaux,404,0,0
?title=Fontem_Ventures&amp;action=info,200,14,13,0,0,false
?title=Associated_Chambers_of_Commerce_and_Industry_of_India&amp;action=edit,200,32,26,0,0,false
?title=International_Tobacco_Growers_Association&amp;action=edit,200,29,22,0,0,false
?title=E-Cigarettes:_Imperial%27s_Blu&amp;action=history,200,16,13,0,0,false
?title=Special:Categories&amp;offset=&amp;limit=50,200,0,0,0,0,true
?title=E-Cigarettes:_Imperial%27s_Blu&amp;action=info,200,16,13,0,0,false
http://178.128.58.116/index.php/Special:RecentChangesLinked/Associated_Chambers_of_Commerce_and_Industry_of_India,404,0,0
https://tobaccotactics.org/wiki/Special:WhatLinksHere/E-Cigarettes:-Imperial%27s-Blu,404,0,0
http://178.128.58.116/index.php/Special:RecentChangesLinked/E-Cigarettes:_Imperial%27s_Blu,404,0,0
https://tobaccotactics.org/wiki/Category:Japan,404,0,0
?title=Vigilant_Communication&amp;action=history,200,4,4,0,0,false
/Plain_Packaging_in_the_UK:_Opposition_Following_January_2015_Announcement,200,61,54,54,54,false
/European_Travel_Retail_Confederation,200,3,2,2,2,false
http://178.128.58.116/index.php/Special:RecentChangesLinked/International_Tobacco_Growers_Association,404,0,0
http://178.128.58.116/index.php?title=Talk:Vigilant_Communication&amp;action=edit&amp;redlink=1,404,0,0
?title=Category:Ireland&amp;action=edit&amp;redlink=1,200,0,0,0,0,true
?title=Special:Categories&amp;offset=&amp;limit=100,200,0,0,0,0,true
http://178.128.58.116/index.php?title=Talk:International_Tobacco_Growers_Association&amp;action=edit&amp;redlink=1,404,0,0
?title=International_Tobacco_Growers_Association&amp;action=history,200,29,22,0,0,false
/John_Luik,200,34,30,30,30,false
?title=File:Unitab_logos.JPG&amp;action=edit,200,0,0,0,0,true
http://178.128.58.116/index.php?title=Talk:Retailers_Against_Smuggling&amp;action=edit&amp;redlink=1,404,0,0
?title=File:Unitab_logos.JPG&amp;action=info,200,0,0,0,0,true
http://178.128.58.116/index.php/Special:RecentChangesLinked/Vigilant_Communication,404,0,0
?title=Michael_Prideaux&amp;action=info,200,3,1,0,0,false
/Special:WhatLinksHere/International_Tobacco_Growers_Association,200,0,0,29,22,false
/Gerry_Sutcliffe,200,11,10,10,10,false
?title=Imperial_and_Gallaher_Involvement_in_Tobacco_Smuggling&amp;oldid=23872,200,18,13,0,0,false
/KPMG,200,56,46,46,46,false
http://178.128.58.116/index.php?title=Talk:Associated_Chambers_of_Commerce_and_Industry_of_India&amp;action=edit&amp;redlink=1,404,0,0
http://178.128.58.116/index.php?title=File_talk:Unitab_logos.JPG&amp;action=edit&amp;redlink=1,404,0,0
?title=International_Tobacco_Growers_Association&amp;printable=yes,200,29,22,0,0,false
http://178.128.58.116/index.php/Special:RecentChangesLinked/Titus_Wouda_Kuipers,404,0,0
/E-cigarettes:_The_Basics,200,13,13,13,13,true
?title=Category:Cyprus&amp;action=edit&amp;redlink=1,200,0,0,0,0,true
?title=Vigilant_Communication&amp;action=edit,200,4,4,0,0,false
?title=Associated_Chambers_of_Commerce_and_Industry_of_India&amp;printable=yes,200,32,26,0,0,false
?title=File:Unitab_logos.JPG&amp;printable=yes,200,0,0,0,0,true
/Competitive_Enterprise_Institute,200,20,17,20,17,true
/Special:WhatLinksHere/Michael_Prideaux,200,0,0,3,1,false
?title=Associated_Chambers_of_Commerce_and_Industry_of_India&amp;action=history,200,32,26,0,0,false
?title=Mark_Williamson&amp;action=info,200,4,4,0,0,false
?title=Mark_Williamson&amp;printable=yes,200,4,4,0,0,false
?title=Category:Andorra&amp;action=edit&amp;redlink=1,200,0,0,0,0,true
/Rosemary_Brook,200,8,7,7,7,false
/Roger_Bate,200,1,1,1,1,true
/Businesseurope,200,15,13,15,13,true
/The_Mentor_Group,200,19,13,19,13,true
?title=International_Tobacco_Growers_Association&amp;action=info,200,29,22,0,0,false
?title=Michael_Prideaux&amp;printable=yes,200,3,1,0,0,false
?title=Roberto_Ascoli&amp;amp%3Boldid=23687&amp;printable=yes,200,2,1,0,0,false
/US_Chamber_of_Commerce,200,22,15,14,14,false
/JTI_Involvement_in_Smuggling,200,10,10,10,10,true
/European_Policy_Centre,200,10,7,7,7,false
http://178.128.58.116/index.php?title=Talk:Confederation_of_British_Industry&amp;action=edit&amp;redlink=1,404,0,0
/Malcolm_Wyman,200,8,5,6,6,false
http://178.128.58.116/index.php?title=Talk:Drago_Azinovic&amp;action=edit&amp;redlink=1,404,0,0
https://tobaccotactics.org/wiki/Category:Farming,404,0,0
?title=File:Unitab_logos.JPG&amp;action=history,200,0,0,0,0,true
http://178.128.58.116/index.php?title=Talk:Next_Generation_Products:_Imperial_Tobacco&amp;action=edit&amp;redlink=1,404,0,0
/Institute_of_Public_Affairs,200,23,15,23,15,true
/Free_Market_Foundation,200,53,40,40,40,false
?title=Vigilant_Communication&amp;printable=yes,200,4,4,0,0,false
?title=Titus_Wouda_Kuipers&amp;printable=yes,200,6,6,0,0,false
/Christopher_Chope,200,20,16,20,16,true
/Roy_Morgan_Research,200,27,22,22,22,false
?title=Consumer_Choice_Center&amp;oldid=23969,200,29,27,0,0,false
/Special:WhatLinksHere/Ken_Burnett,200,0,0,1,1,false
?title=Roberto_Ascoli&amp;action=info,200,2,1,0,0,false
?title=Ken_Burnett&amp;printable=yes,200,1,1,0,0,false
/Reason_Foundation,200,23,22,22,22,false
?title=Federation_of_Indian_Chambers_of_Commerce_%26_Industry&amp;oldid=24066,200,45,40,0,0,false
?title=Associated_Chambers_of_Commerce_and_Industry_of_India&amp;action=info,200,32,26,0,0,false
http://178.128.58.116/index.php?title=Talk:Anti-Counterfeiting_Group&amp;action=edit&amp;redlink=1,404,0,0
?title=Carlo_Sacchetto&amp;action=history,200,5,5,0,0,false
https://tobaccotactics.org/wiki/Smuggling,404,0,0
/Special:WhatLinksHere/Snus,200,0,0,13,11,false
https://tobaccotactics.org/wiki/Jos%C3%A9-Mar%C3%ADa-Aznar,404,0,0
?title=Category:Swedish_Match&amp;action=edit&amp;redlink=1,200,0,0,0,0,true
/JUUL_Labs:_FDA_Investigation_Timeline,200,19,17,0,0,false
/Priti_Patel,200,38,33,35,35,false
?title=Think_Tanks&amp;oldid=23397,200,176,140,0,0,false
?title=Retailers_Against_Smuggling&amp;action=history,200,15,10,0,0,false
https://tobaccotactics.org/wiki/TMA,404,0,0
?title=Jeff_Stier&amp;oldid=23453,200,13,11,0,0,false
?title=Andr%C3%A9_Calantzopoulos&amp;action=edit,200,6,6,0,0,false
?title=Special:Categories&amp;offset=&amp;limit=250,200,0,0,0,0,true
/Even_Hurwitz,200,15,11,15,11,true
http://178.128.58.116/index.php?title=Talk:Framework_Convention_on_Tobacco_Control&amp;action=edit&amp;redlink=1,404,0,0
?title=Framework_Convention_on_Tobacco_Control&amp;action=edit,200,17,9,0,0,false
?title=Consumer_Choice_Center&amp;action=edit,200,29,27,0,0,false
http://178.128.58.116/index.php?title=Talk:American_European_Community_Association&amp;action=edit&amp;redlink=1,404,0,0
?title=American_European_Community_Association&amp;action=history,200,28,27,0,0,false
?title=Anti-Counterfeiting_Group&amp;oldid=23219,200,22,14,0,0,false
http://178.128.58.116/index.php?title=Talk:Consumer_Choice_Center&amp;action=edit&amp;redlink=1,404,0,0
/Dudley_Fishburn,200,4,3,3,3,false
/Australia:_Trademark_claims,200,25,18,25,18,true
https://tobaccotactics.org/wiki/Special:Contributions/Editor16,404,0,0
?title=Gareth_Davis&amp;action=history,200,9,9,0,0,false
?title=EFFAT&amp;action=history,200,38,20,0,0,false
/Hugh_High,200,8,8,8,8,true
/Special:WhatLinksHere/Gareth_Davis,200,0,0,9,9,false
?title=Imperial_and_Gallaher_Involvement_in_Tobacco_Smuggling&amp;action=history,200,18,13,0,0,false
?title=EFFAT&amp;action=edit,200,38,20,0,0,false
?title=Imperial_and_Gallaher_Involvement_in_Tobacco_Smuggling&amp;action=edit,200,18,13,0,0,false
https://tobaccotactics.org/wiki/Category:Revolving-Door,404,0,0
?title=Category:Poland&amp;action=edit&amp;redlink=1,200,0,0,0,0,true
/Association_of_Convenience_Stores,200,24,20,24,20,true
https://tobaccotactics.org/wiki/PMI%E2%80%99s-Anti-PP-Media-Campaign,404,0,0
https://tobaccotactics.org/wiki/Category:Countering-Critics,404,0,0
/Online_Strategy,200,3,3,3,3,true
https://tobaccotactics.org/wiki/Category:Pro-Tobacco-Bloggers,404,0,0
https://tobaccotactics.org/wiki/Category:Lobbyists-and-PR-People,404,0,0
?title=Unite&amp;action=edit,200,8,7,0,0,false
?title=Consumer_Choice_Center&amp;action=history,200,29,27,0,0,false
http://178.128.58.116/index.php?title=Jim_Thornton&amp;action=edit&amp;redlink=1,404,0,0
?title=Anti-Counterfeiting_Group&amp;action=edit,200,22,14,0,0,false
http://178.128.58.116/index.php?title=John_Spiers&amp;action=edit&amp;redlink=1,404,0,0
?title=Framework_Convention_on_Tobacco_Control&amp;action=history,200,17,9,0,0,false
http://178.128.58.116/index.php/IEA:_Working_with_RJ_Reynolds,404,0,0
?title=Special:Categories&amp;offset=&amp;limit=500,200,0,0,0,0,true
/European_Smoking_Tobacco_Association,200,13,12,12,12,false
http://178.128.58.116/index.php?title=Talk:Imperial_and_Gallaher_Involvement_in_Tobacco_Smuggling&amp;action=edit&amp;redlink=1,404,0,0
?title=Smokeless_Tobacco&amp;oldid=23714,200,11,11,0,0,false
/Jaine_Chisholm_Caunt,200,7,6,7,6,true
https://tobaccotactics.org/wiki/Category:Advertising-Strategy,404,0,0
/Patrick_Basham,200,12,12,10,10,false
/Jed_E._Rose,200,6,6,7,7,false
?title=Unite&amp;action=history,200,8,7,0,0,false
?title=Ken_Burnett&amp;action=info,200,1,1,0,0,false
?title=Snus&amp;action=history,200,13,11,0,0,false
?title=Category:Asia&amp;action=edit&amp;redlink=1,200,0,0,0,0,true
http://178.128.58.116/index.php?title=Keith_Boyfield&amp;action=edit&amp;redlink=1,404,0,0
/Brook_Wilkinson,200,4,4,4,4,true
?title=Category:North_America&amp;action=edit&amp;redlink=1,200,0,0,0,0,true
/Jennifer_Li,200,6,3,3,3,false
?title=Gareth_Davis&amp;action=edit,200,9,9,0,0,false
?title=American_European_Community_Association&amp;action=edit,200,28,27,0,0,false
/Special:WhatLinksHere/EFFAT,200,0,0,20,20,false
/European_Smokeless_Tobacco_Council,200,10,10,10,10,true
?title=WHO_Definitions_of_Tobacco_Industry_Tactics&amp;oldid=23955,200,3,2,0,0,false
/The_American_Chamber_of_Commerce_to_the_European_Union,200,5,5,5,5,true
http://178.128.58.116/index.php?title=Mark_Pennington&amp;action=edit&amp;redlink=1,404,0,0
/Philip_Morris_vs_the_Government_of_Uruguay,200,18,8,9,9,false
?title=WHO_Definitions_of_Tobacco_Industry_Tactics&amp;action=edit,200,3,2,0,0,false
/Mitsuomi_Koizumi,200,2,1,2,1,true
http://178.128.58.116/index.php?title=Talk:WHO_Definitions_of_Tobacco_Industry_Tactics&amp;action=edit&amp;redlink=1,404,0,0
?title=Michael_Prideaux&amp;action=history,200,3,1,0,0,false
https://tobaccotactics.org/wiki/Category:Sugar-Tax,404,0,0
http://178.128.58.116/index.php?title=Talk:Think_Tanks&amp;action=edit&amp;redlink=1,404,0,0
/Plain_Packaging_in_Australia,200,4,4,0,0,false
/Martin_Southgate,200,12,10,12,10,true
/Kind_Consumer_Limited,200,16,13,13,13,false
https://tobaccotactics.org/wiki/Special:WhatLinksHere/File:Unitab-logos.JPG,404,0,0
https://tobaccotactics.org/wiki/Plain-Packaging:-Have-Illicit-Levels-Risen-in-Australia%3F,404,0,0
?title=Andr%C3%A9_Calantzopoulos&amp;action=history,200,6,6,0,0,false
?title=WHO_Definitions_of_Tobacco_Industry_Tactics&amp;action=history,200,3,2,0,0,false
/Big_Brother_Watch,200,8,7,8,7,true
/Oliver_Colvile,200,4,4,4,4,true
?title=Anti-Counterfeiting_Group&amp;action=history,200,22,14,0,0,false
?title=Category:USA&amp;action=edit&amp;redlink=1,200,0,0,0,0,true
?title=Lobbying_Decision_Makers&amp;oldid=23516,200,4,4,0,0,false
/Masakazu_Shimizu,200,5,5,5,5,true
?title=Kangaroo_Group&amp;printable=yes,200,11,9,0,0,false
https://tobaccotactics.org/wiki/Category:Australia,404,0,0
/Special:WhatLinksHere/Framework_Convention_on_Tobacco_Control,200,0,0,11,11,false
/PR21,200,6,6,6,6,true
https://tobaccotactics.org/wiki/Special:WhatLinksHere/Andr%C3%A9-Calantzopoulos,404,0,0
https://tobaccotactics.org/wiki/Category:Media-Strategy,404,0,0
?title=Mark_Littlewood&amp;oldid=21418,200,25,25,0,0,false
http://178.128.58.116/index.php?title=Talk:Chile-Country_Profile&amp;action=edit&amp;redlink=1,404,0,0
/Lucio_A._Noto,200,5,3,5,3,true
http://178.128.58.116/index.php?title=Talk:Lobby_Groups&amp;action=edit&amp;redlink=1,404,0,0
/Brad_Rodu,200,26,25,20,20,false
?title=Next_Generation_Products:_Imperial_Tobacco&amp;action=edit,200,31,24,0,0,false
http://178.128.58.116/index.php?title=Talk:Federation_of_Indian_Chambers_of_Commerce_%26_Industry&amp;action=edit&amp;redlink=1,404,0,0
https://tobaccotactics.org/wiki/Category:Advertisement-Strategy,404,0,0
/BusinessEurope,200,15,13,15,13,true
/Graham_Mackay,200,4,3,3,3,false
?title=Category:Hong_Kong&amp;action=edit&amp;redlink=1,200,0,0,0,0,true
http://178.128.58.116/index.php/Special:RecentChangesLinked/Andr%C3%A9_Calantzopoulos,404,0,0
?title=Michael_Prideaux&amp;amp%3Boldid=23359&amp;printable=yes,200,3,1,0,0,false
/Jon_Huenemann,200,8,5,9,6,false
/Daniel_Hamilton,200,5,4,4,4,false
/Plain_packaging_in_the_UK,200,41,38,37,37,false
/Plain_Packaging_in_New_Zealand,200,17,12,11,11,false
/Special:WhatLinksHere/Anti-Counterfeiting_Group,200,0,0,22,14,false
http://178.128.58.116/index.php?title=Talk:Adam_Smith_Institute&amp;action=edit&amp;redlink=1,404,0,0
/Sergio_Marchionne,200,7,5,5,5,false
?title=Adam_Smith_Institute&amp;action=edit,200,22,19,0,0,false
http://178.128.58.116/index.php/Special:RecentChangesLinked/Gareth_Davis,404,0,0
http://178.128.58.116/index.php/Special:RecentChangesLinked/Next_Generation_Products:_Imperial_Tobacco,404,0,0
?title=Confederation_of_British_Industry&amp;action=edit,200,20,14,0,0,false
/Special:WhatLinksHere/Next_Generation_Products:_Imperial_Tobacco,200,0,0,31,24,false
http://178.128.58.116/index.php?title=Category:%3F&amp;action=edit&amp;redlink=1,404,0,0
/Kingsley_Wheaton,200,11,10,10,10,false
?title=Front_Groups&amp;oldid=22758,200,3,3,0,0,false
?title=Vigilant_Communication&amp;action=info,200,4,4,0,0,false
?title=Titus_Wouda_Kuipers&amp;action=info,200,6,6,0,0,false
/Plain_Packaging:_Imperial_Tobacco_Australia_Pre-empts_Legislation,200,5,3,3,3,false
?title=File:Ingredients_Platform.JPG&amp;action=edit,200,0,0,0,0,true
?title=Next_Generation_Products:_Imperial_Tobacco&amp;action=history,200,31,24,0,0,false
/Richard_Lyle,200,16,12,12,12,false
http://178.128.58.116/index.php/Special:RecentChangesLinked/Anti-Counterfeiting_Group,404,0,0
/Carl_V_Phillips,200,38,33,38,33,true
/Simon_Danczuk,200,9,7,9,7,true
/Countering_Industry_Arguments_Against_Plain_Packaging:_No_Evidence_Plain_Packaging_Will_Work,200,70,55,68,55,false
?title=Category:Supply_Chain&amp;action=edit&amp;redlink=1,200,0,0,0,0,true
/Alliance_of_Australian_Retailers,200,17,12,17,12,true
?title=Category:Alcohol&amp;action=edit&amp;redlink=1,200,0,0,0,0,true
?title=File:Invite_to_PMI_funded_event_in_Chile_May_2019.jpg&amp;oldid=22941,200,0,0,0,0,true
/CIPA,200,5,5,5,5,true
?title=Think_Tanks&amp;action=edit,200,176,140,0,0,false
/Kalpana_Morparia,200,7,6,6,6,false
?title=Unite&amp;printable=yes,200,8,7,0,0,false
?title=UNITAB&amp;action=edit,200,38,26,0,0,false
https://tobaccotactics.org/wiki/Category:Africa,404,0,0
/FTI_Consulting,200,24,18,24,18,true
/Preventing_the_Government-Funded_Charity_Sector_Lobbying_Government,200,29,26,26,26,false
/Brendan_Halligan,200,4,4,4,4,true
?title=Category:Canada&amp;action=edit&amp;redlink=1,200,0,0,0,0,true
https://tobaccotactics.org/wiki/Talk:Jeff-Stier,404,0,0
?title=Front_Groups&amp;action=edit,200,3,3,0,0,false
/Price_and_Tax,200,25,19,20,20,false
https://tobaccotactics.org/wiki/Category:New-Zealand,404,0,0
?title=Adam_Smith_Institute&amp;oldid=23193,200,22,19,0,0,false
?title=Drago_Azinovic&amp;action=history,200,6,3,0,0,false
http://178.128.58.116/index.php/Special:RecentChangesLinked/Unite,404,0,0
?title=Anti-Counterfeiting_Group&amp;printable=yes,200,22,14,0,0,false
?title=Next_Generation_Products:_Imperial_Tobacco&amp;action=info,200,31,24,0,0,false
/Plain_Packaging_in_the_EU,200,4,4,3,3,false
/Jim_Mortensen,200,4,3,3,3,false
http://178.128.58.116/index.php?title=Talk:Front_Groups&amp;action=edit&amp;redlink=1,404,0,0
/Special:WhatLinksHere/Retailers_Against_Smuggling,200,0,0,10,10,false
http://178.128.58.116/index.php/Special:RecentChangesLinked/Retailers_Against_Smuggling,404,0,0
?title=Retailers_Against_Smuggling&amp;printable=yes,200,15,10,0,0,false
/Point_of_Sale_Display_Ban,200,4,4,4,4,true
https://tobaccotactics.org/wiki/Category:Indonesia,404,0,0
?title=E-Cigarettes:_Philip_Morris_International&amp;oldid=23909,200,55,41,0,0,false
/Johan_Gabrielsson,200,16,10,16,10,true
?title=Kangaroo_Group&amp;action=info,200,11,9,0,0,false
/Oliver_Griffiths,200,4,4,4,4,true
/Privacy_International,200,12,9,9,9,false
http://178.128.58.116/index.php?title=File_talk:Invite_to_PMI_funded_event_in_Chile_May_2019.jpg&amp;action=edit&amp;redlink=1,404,0,0
http://178.128.58.116/index.php?title=Talk:UNITAB&amp;action=edit&amp;redlink=1,404,0,0
?title=Next_Generation_Products:_Imperial_Tobacco&amp;printable=yes,200,31,24,0,0,false
http://178.128.58.116/index.php?title=Talk:Philip_Morris_USA&amp;action=edit&amp;redlink=1,404,0,0
?title=Imperial_and_Gallaher_Involvement_in_Tobacco_Smuggling&amp;printable=yes,200,18,13,0,0,false
/British_Chamber_of_Commerce_in_Belgium,200,20,18,20,18,true
/Special:WhatLinksHere/Drago_Azinovic,200,0,0,6,3,false
?title=Category:Algeria&amp;action=edit&amp;redlink=1,200,0,0,0,0,true
?title=Roberto_Ascoli&amp;printable=yes,200,2,1,0,0,false
http://178.128.58.116/index.php?title=Talk:Smokeless_Tobacco&amp;action=edit&amp;redlink=1,404,0,0
/PLCM_Consultants,200,7,6,6,6,false
/Martin_King,200,6,3,6,3,true
/Noriaki_Okubo,200,3,2,2,2,false
/Yasushi_Shingai,200,4,3,3,3,false
http://178.128.58.116/index.php/Special:RecentChangesLinked/EFFAT,404,0,0
?title=Federation_of_Indian_Chambers_of_Commerce_%26_Industry&amp;action=edit,200,45,40,0,0,false
?title=Philip_Morris_USA&amp;oldid=23597,200,5,5,0,0,false
/Plain_Packaging_Opposition_in_the_UK:_2012_Consultation,200,79,64,64,64,false
http://178.128.58.116/index.php?title=Talk:Mark_Littlewood&amp;action=edit&amp;redlink=1,404,0,0
?title=File:Invite_to_PMI_funded_event_in_Chile_May_2019.jpg&amp;action=edit,200,0,0,0,0,true
/Special:WhatLinksHere/Imperial_and_Gallaher_Involvement_in_Tobacco_Smuggling,200,0,0,18,13,false
/Corporate_Responsibility_Consulting,200,9,9,9,9,true
http://178.128.58.116/index.php?title=Category_talk:Next_Generation_Products&amp;action=edit&amp;redlink=1,404,0,0
https://tobaccotactics.org/wiki/Special:WhatLinksHere/File:Ingredients-Platform.JPG,404,0,0
?title=Front_Groups&amp;action=history,200,3,3,0,0,false
?title=Adam_Smith_Institute&amp;action=history,200,22,19,0,0,false
http://178.128.58.116/index.php/Special:RecentChangesLinked/Imperial_and_Gallaher_Involvement_in_Tobacco_Smuggling,404,0,0
?title=Chile-Country_Profile&amp;action=history,200,41,36,0,0,false
/Targeting_Women_and_Girls,200,12,11,11,11,false
?title=E-Cigarettes:_Japan_Tobacco_International&amp;oldid=23902,200,72,44,0,0,false
?title=Chile-Country_Profile&amp;action=edit,200,41,36,0,0,false
?title=Category:Altria&amp;action=edit&amp;redlink=1,200,0,0,0,0,true
/Antonella_Pederiva,200,4,3,4,3,true
/Special:WhatLinksHere/Confederation_of_British_Industry,200,0,0,20,15,false
/Special:WhatLinksHere/Confederation_of_European_Community_Cigarette_Manufacturers,200,0,0,20,20,false
https://tobaccotactics.org/wiki/US-Smokeless-Tobacco-Company,404,0,0
/Democracy_Institute,200,9,8,8,8,false
?title=Category:Next_Generation_Products&amp;action=edit,200,0,0,0,0,true
?title=Lobby_Groups&amp;action=info,200,32,32,0,0,false
http://178.128.58.116/index.php?title=Talk:Fetratab&amp;action=edit&amp;redlink=1,404,0,0
http://178.128.58.116/index.php/Special:RecentChangesLinked/Snus,404,0,0
?title=Smokeless_Tobacco&amp;action=edit,200,11,11,0,0,false
?title=Category:Next_Generation_Products&amp;oldid=21795,200,0,0,0,0,true
/Special:WhatLinksHere/Front_Groups,200,0,0,3,3,false
http://178.128.58.116/index.php/Special:RecentChangesLinked/Fetratab,404,0,0
/Special:WhatLinksHere/Carlo_Sacchetto,200,0,0,5,5,false
http://178.128.58.116/index.php?title=Talk:Institute_of_Economic_Affairs&amp;action=edit&amp;redlink=1,404,0,0
/Mutsuo_Iwai,200,4,2,4,2,true
?title=Front_Groups&amp;action=info,200,3,3,0,0,false
/Plain_packaging_in_Australia,200,4,4,0,0,false
?title=Retailers_Against_Smuggling&amp;action=info,200,15,10,0,0,false
/Special:WhatLinksHere/Chile-Country_Profile,200,0,0,41,36,false
?title=Philip_Morris_USA&amp;action=history,200,5,5,0,0,false
https://tobaccotactics.org/wiki/Category:Secondhand-Smoke,404,0,0
http://178.128.58.116/index.php/Special:RecentChangesLinked/Front_Groups,404,0,0
?title=Fetratab&amp;action=history,200,29,17,0,0,false
?title=Fetratab&amp;action=edit,200,29,17,0,0,false
?title=Gareth_Davis&amp;printable=yes,200,9,9,0,0,false
?title=Confederation_of_British_Industry&amp;action=history,200,20,14,0,0,false
http://178.128.58.116/index.php/Special:RecentChangesLinked/Drago_Azinovic,404,0,0
https://tobaccotactics.org/wiki/Category:CSR-Strategy,404,0,0
/New_Gallaher_Documents_Reveal_Extent_of_Smuggling_Activities,200,34,34,34,34,true
http://178.128.58.116/index.php?title=Category:Another_category_name&amp;action=edit&amp;redlink=1,404,0,0
/Special:WhatLinksHere/American_European_Community_Association,200,0,0,28,27,false
/E-cigarettes:_Marketing_Rules,200,13,9,13,9,true
/Institute_of_Business_Ethics,200,28,26,28,26,true
http://178.128.58.116/index.php?title=Talk:E-Cigarettes:_Imperial_Tobacco&amp;action=edit&amp;redlink=1,404,0,0
?title=File:Ingredients_Platform.JPG&amp;action=history,200,0,0,0,0,true
?title=Mark_Littlewood&amp;action=edit,200,25,25,0,0,false
http://178.128.58.116/index.php?title=Category:Astroturf&amp;action=edit&amp;redlink=1,404,0,0
?title=Confederation_of_European_Community_Cigarette_Manufacturers&amp;oldid=23322,200,20,20,0,0,false
?title=Confederation_of_European_Community_Cigarette_Manufacturers&amp;action=info,200,20,20,0,0,false
?title=Lobby_Groups&amp;action=history,200,32,32,0,0,false
http://178.128.58.116/index.php/Special:RecentChangesLinked/American_European_Community_Association,404,0,0
http://178.128.58.116/index.php/Special:RecentChangesLinked/Lobby_Groups,404,0,0
?title=Progressive_Vision&amp;oldid=23667,200,13,12,0,0,false
?title=Lobby_Groups&amp;action=edit,200,32,32,0,0,false
/Matteo_Pellegrini,200,7,5,7,5,true
?title=Front_Groups&amp;printable=yes,200,3,3,0,0,false
/Corporate_Political_Advertising_on_Plain_Packaging,200,23,18,22,17,false
?title=E-Cigarettes:_Imperial_Tobacco&amp;oldid=23898,200,190,129,0,0,false
/Linda_Bauld,200,21,16,16,16,false
http://178.128.58.116/index.php?title=Doctors_for_Reform&amp;action=edit&amp;redlink=1,404,0,0
?title=Drago_Azinovic&amp;printable=yes,200,6,3,0,0,false
?title=Confederation_of_European_Community_Cigarette_Manufacturers&amp;printable=yes,200,20,20,0,0,false
https://tobaccotactics.org/wiki/Category:Arguments-%26-Language,404,0,0
http://178.128.58.116/index.php/Special:RecentChangesLinked/Adam_Smith_Institute,404,0,0
?title=Category:Angola&amp;action=edit&amp;redlink=1,200,0,0,0,0,true
/Robert_Polet,200,6,4,4,4,false
/Special:WhatLinksHere/Unite,200,0,0,7,7,false
/Ashok_Rammohan,200,7,4,7,4,true
/Glyn_Davies,200,1,1,1,1,true
?title=Harm_Reduction&amp;oldid=24008,200,4,4,0,0,false
?title=Philip_Morris_USA&amp;action=edit,200,5,5,0,0,false
https://tobaccotactics.org/wiki/Category:Scientists,404,0,0
/Special:WhatLinksHere/Adam_Smith_Institute,200,0,0,21,18,false
/Special:WhatLinksHere/Fetratab,200,0,0,29,17,false
?title=Confederation_of_European_Community_Cigarette_Manufacturers&amp;action=edit,200,20,20,0,0,false
?title=Gareth_Davis&amp;action=info,200,9,9,0,0,false
?title=Lobby_Groups&amp;printable=yes,200,32,32,0,0,false
?title=Drago_Azinovic&amp;action=info,200,6,3,0,0,false
/Special:WhatLinksHere/Lobby_Groups,200,0,0,32,32,false
http://178.128.58.116/index.php/Special:RecentChangesLinked/Confederation_of_European_Community_Cigarette_Manufacturers,404,0,0
?title=Category:Argentina&amp;action=edit&amp;redlink=1,200,0,0,0,0,true
/Donna_Edmunds,200,18,15,15,15,false
?title=American_European_Community_Association&amp;printable=yes,200,28,27,0,0,false
http://178.128.58.116/index.php?title=Talk:Confederation_of_European_Community_Cigarette_Manufacturers&amp;action=edit&amp;redlink=1,404,0,0
/FOI:_SmokeFree_South_West,200,9,9,10,10,false
?title=Institute_of_Economic_Affairs&amp;oldid=23400,200,67,56,0,0,false
https://tobaccotactics.org/wiki/Carlos-Slim-Hel%C3%BA,404,0,0
http://178.128.58.116/index.php/Special:RecentChangesLinked/WHO_Definitions_of_Tobacco_Industry_Tactics,404,0,0
https://tobaccotactics.org/wiki/Category:Astroturfing,404,0,0
/Mark_Field,200,3,3,3,3,true
/Pierre_de_Labouchere,200,6,3,3,3,false
?title=File:Invite_to_PMI_funded_event_in_Chile_May_2019.jpg&amp;action=history,200,0,0,0,0,true
/Thomas_McCoy,200,4,3,4,3,true
?title=Confederation_of_European_Community_Cigarette_Manufacturers&amp;action=history,200,20,20,0,0,false
/Special:WhatLinksHere/WHO_Definitions_of_Tobacco_Industry_Tactics,200,0,0,2,2,false
/Special:WhatLinksHere/Philip_Morris_USA,200,0,0,5,5,false
?title=Adam_Smith_Institute&amp;printable=yes,200,22,19,0,0,false
?title=Snus&amp;action=info,200,13,11,0,0,false
?title=Snus&amp;printable=yes,200,13,11,0,0,false
?title=Fetratab&amp;printable=yes,200,29,17,0,0,false
?title=Petrol_Retailers_Association&amp;oldid=23592,200,23,21,0,0,false
?title=Japan_Tobacco_Group&amp;oldid=23447,200,3,3,0,0,false
https://tobaccotactics.org/wiki/Special:WhatLinksHere/Category:Next-Generation-Products,404,0,0
/Lord_Pendry,200,10,8,8,8,false
/Imperial_Receives_Inside_Information_from_the_European_Council,200,6,6,6,6,true
?title=Category:Next_Generation_Products&amp;action=history,200,0,0,0,0,true
/Tobias_Ghersetti,200,5,1,5,1,true
/Hermann_Waldemer,200,2,2,1,1,false
http://178.128.58.116/index.php/Special:RecentChangesLinked/Consumer_Choice_Center,404,0,0
/Jonathan_Hopkins,200,1,1,1,1,true
?title=File:Ingredients_Platform.JPG&amp;action=info,200,0,0,0,0,true
?title=Lobbying_Decision_Makers&amp;action=edit,200,4,4,0,0,false
?title=Category:Tanzania&amp;action=edit&amp;redlink=1,200,0,0,0,0,true
/Good_Quotes_on_Plain_Packaging,200,11,11,12,12,false
/Scottish_Wholesale_Association,200,6,6,6,6,true
?title=Philip_Morris_USA&amp;printable=yes,200,5,5,0,0,false
/All_Party_Parliamentary_Small_Shops_Group,200,8,6,6,6,false
/Special:WhatLinksHere/E-Cigarettes:_Lorillard,200,0,0,7,5,false
?title=Category:Labelling_and_Packaging&amp;action=edit&amp;redlink=1,200,0,0,0,0,true
http://178.128.58.116/index.php/Special:RecentChangesLinked/Framework_Convention_on_Tobacco_Control,404,0,0
?title=Progressive_Vision&amp;action=edit,200,13,12,0,0,false
/International_Trademark_Association,200,34,27,34,27,true
?title=Anti-Counterfeiting_Group&amp;action=info,200,22,14,0,0,false
?title=JUUL_Labs&amp;oldid=23915,200,149,111,0,0,false
?title=Institute_of_Economic_Affairs&amp;action=history,200,67,56,0,0,false
http://178.128.58.116/index.php/Special:RecentChangesLinked/Philip_Morris_USA,404,0,0
https://tobaccotactics.org/wiki/Philip-Morris%27-Regulatory-Litigation-Action-Plan-Against-the-Display-Ban,404,0,0
http://178.128.58.116/index.php/Special:RecentChangesLinked/Chile-Country_Profile,404,0,0
http://178.128.58.116/index.php?title=Talk:E-Cigarettes:_Philip_Morris_International&amp;action=edit&amp;redlink=1,404,0,0
http://178.128.58.116/index.php/Special:RecentChangesLinked/Mark_Littlewood,404,0,0
/Federation_of_Wholesale_Distributors,200,4,4,4,4,true
/Hume_Brophy,200,4,3,4,4,true
https://tobaccotactics.org/wiki/Philip-Morris%27-PR-Campaign-Against-the-Display-Ban,404,0,0
http://178.128.58.116/index.php?title=Talk:Progressive_Vision&amp;action=edit&amp;redlink=1,404,0,0
?title=Progressive_Vision&amp;action=info,200,13,12,0,0,false
http://178.128.58.116/index.php/Special:RecentChangesLinked/Confederation_of_British_Industry,404,0,0
http://178.128.58.116/index.php/Special:RecentChangesLinked/File:Invite_to_PMI_funded_event_in_Chile_May_2019.jpg,404,0,0
?title=Category:Next_Generation_Products&amp;action=info,200,0,0,0,0,true
?title=Progressive_Vision&amp;printable=yes,200,13,12,0,0,false
?title=Japan_Tobacco_Group&amp;action=history,200,3,3,0,0,false
/TransAtlantic_Business_Dialogue,200,20,18,20,18,true
?title=Lobbying_Decision_Makers&amp;action=history,200,4,4,0,0,false
https://tobaccotactics.org/wiki/Special:WhatLinksHere/File:Invite-to-PMI-funded-event-in-Chile-May-2019.jpg,404,0,0
/Joe_Brice,200,1,1,1,1,true
?title=Consumer_Choice_Center&amp;action=info,200,29,27,0,0,false
/FOI:_University_of_Bath,200,15,14,15,14,true
/Jerry_Whitson,200,4,2,2,2,false
http://178.128.58.116/index.php/Special:RecentChangesLinked/Progressive_Vision,404,0,0
?title=Mark_Littlewood&amp;action=history,200,25,25,0,0,false
?title=File:Ingredients_Platform.JPG&amp;printable=yes,200,0,0,0,0,true
https://tobaccotactics.org/wiki/Tobacco-Retailers%27-Alliance,404,0,0
?title=Progressive_Vision&amp;action=history,200,13,12,0,0,false
?title=File:Invite_to_PMI_funded_event_in_Chile_May_2019.jpg&amp;printable=yes,200,0,0,0,0,true
/Special:WhatLinksHere/Think_Tanks,200,0,0,175,139,false
?title=Plain_Packaging&amp;oldid=23629,200,13,7,0,0,false
?title=Category:Mozambique&amp;action=edit&amp;redlink=1,200,0,0,0,0,true
/Special:WhatLinksHere/Consumer_Choice_Center,200,0,0,29,27,false
http://178.128.58.116/index.php?title=Talk:Lobbying_Decision_Makers&amp;action=edit&amp;redlink=1,404,0,0
?title=Institute_of_Economic_Affairs&amp;action=edit,200,67,56,0,0,false
?title=Confederation_of_British_Industry&amp;printable=yes,200,20,14,0,0,false
?title=Unite&amp;action=info,200,8,7,0,0,false
/Special:WhatLinksHere/Progressive_Vision,200,0,0,12,12,false
?title=Mark_Littlewood&amp;action=info,200,25,25,0,0,false
/Nicoventures,200,23,19,19,19,false
http://178.128.58.116/index.php?title=Talk:E-Cigarettes:_Japan_Tobacco_International&amp;action=edit&amp;redlink=1,404,0,0
/Richard_Burrows,200,6,3,4,4,false
/Tomas_Hammargren,200,6,3,6,3,true
?title=Confederation_of_British_Industry&amp;action=info,200,20,14,0,0,false
http://178.128.58.116/index.php/Special:RecentChangesLinked/File:Ingredients_Platform.JPG,404,0,0
/Lars_Olof_Lofman,200,1,1,1,1,true
?title=Category:Next_Generation_Products&amp;printable=yes,200,0,0,0,0,true
?title=Category:Middle_East_and_North_Africa&amp;action=edit&amp;redlink=1,200,0,0,0,0,true
?title=Mark_Littlewood&amp;printable=yes,200,25,25,0,0,false
?title=Think_Tanks&amp;action=history,200,176,140,0,0,false
/Julie_Soderlund,200,3,3,3,3,true
?title=Framework_Convention_on_Tobacco_Control&amp;printable=yes,200,17,9,0,0,false
?title=E-Cigarettes:_Imperial_Tobacco&amp;action=edit,200,190,129,0,0,false
/Stephen_M._Wolf,200,3,1,1,1,false
http://178.128.58.116/index.php?title=Talk:Japan_Tobacco_Group&amp;action=edit&amp;redlink=1,404,0,0
?title=E-Cigarettes:_Japan_Tobacco_International&amp;action=edit,200,72,44,0,0,false
/Miroslaw_Zielinski,200,7,4,7,4,true
https://tobaccotactics.org/wiki/Category:Uganda,404,0,0
/Special:WhatLinksHere/Mark_Littlewood,200,0,0,25,25,false
?title=Japan_Tobacco_Group&amp;action=edit,200,3,3,0,0,false
?title=Category:Europe_and_Central_Asia&amp;action=edit&amp;redlink=1,200,0,0,0,0,true
?title=Philip_Morris_USA&amp;action=info,200,5,5,0,0,false
?title=E-Cigarettes:_Philip_Morris_International&amp;action=edit,200,55,41,0,0,false
/John_Russell,200,2,2,2,2,true
/Cecilia_Kindstrand,200,13,9,13,9,true
/Andy_Robbins,200,6,6,6,6,true
https://tobaccotactics.org/wiki/Russell-%26-Hart,404,0,0
/Frederic_de_Wilde,200,6,5,5,5,false
?title=Andr%C3%A9_Calantzopoulos&amp;printable=yes,200,6,6,0,0,false
http://178.128.58.116/index.php/Special:RecentChangesLinked/Category:Next_Generation_Products,404,0,0
?title=Framework_Convention_on_Tobacco_Control&amp;action=info,200,17,9,0,0,false
?title=Andr%C3%A9_Calantzopoulos&amp;oldid=23215,200,6,6,0,0,false
?title=Consumer_Choice_Center&amp;printable=yes,200,29,27,0,0,false
/Michel_Petite,200,12,12,12,12,true
?title=Category:Bahrain&amp;action=edit&amp;redlink=1,200,0,0,0,0,true
?title=Category:Austria&amp;action=edit&amp;redlink=1,200,0,0,0,0,true
http://178.128.58.116/index.php?title=Talk:ECLT&amp;action=edit&amp;redlink=1,404,0,0
?title=Plain_Packaging&amp;action=info,200,13,7,0,0,false
?title=E-Cigarettes:_Imperial_Tobacco&amp;action=history,200,190,129,0,0,false
/Special:WhatLinksHere/Smokeless_Tobacco,200,0,0,11,11,false
/Tobacco_Institute,200,11,9,9,9,false
/APCO_Associates,200,48,31,48,31,true
?title=Carlo_Sacchetto&amp;printable=yes,200,5,5,0,0,false
?title=Smokeless_Tobacco&amp;action=history,200,11,11,0,0,false
/Pantarhei,200,8,7,7,7,false
?title=Category:Azerbaijan&amp;action=edit&amp;redlink=1,200,0,0,0,0,true
/Special:WhatLinksHere/Imperial_Tobacco,200,0,0,102,87,false
/Special:WhatLinksHere/Atlas_Network,200,0,0,93,72,false
https://tobaccotactics.org/wiki/Talk:Imperial-Tobacco,404,0,0
?title=ECLT&amp;action=history,200,66,50,0,0,false
/Special:WhatLinksHere/ECLT,200,0,0,66,50,false
/TPD:_Legal_Challenges,200,7,7,7,7,true
?title=American_European_Community_Association&amp;action=info,200,28,27,0,0,false
/All-Party_Parliamentary_Group_(APPG)_on_illicit_trade,200,39,27,39,27,true
/Special:WhatLinksHere/Institute_of_Economic_Affairs,200,0,0,67,56,false
?title=UNITAB&amp;action=history,200,38,26,0,0,false
?title=ECLT&amp;action=edit,200,66,50,0,0,false
http://178.128.58.116/index.php?title=Talk:Tobacco_Manufacturers%27_Association&amp;action=edit&amp;redlink=1,404,0,0
?title=Japan_Tobacco_Group&amp;printable=yes,200,3,3,0,0,false
http://178.128.58.116/index.php/Special:RecentChangesLinked/Carlo_Sacchetto,404,0,0
?title=Imperial_Tobacco&amp;action=history,200,102,87,0,0,false
/CSR:_Imperial_and_Love_Where_You_Live,200,9,9,9,9,true
/Kate_Marley,200,14,11,11,11,false
?title=ECLT&amp;printable=yes,200,66,50,0,0,false
?title=Imperial_Tobacco&amp;action=info,200,102,87,0,0,false
https://tobaccotactics.org/wiki/Communications-%26-Network-Consulting-AG,404,0,0
http://178.128.58.116/index.php/Special:RecentChangesLinked/Plain_Packaging,404,0,0
/Bell_Pottinger,200,30,22,30,22,true
/Associate_Parliamentary_Corporate_Responsibility_Group,200,4,4,4,4,true
http://178.128.58.116/index.php?title=Talk:Atlas_Network&amp;action=edit&amp;redlink=1,404,0,0
?title=Atlas_Network&amp;action=edit,200,94,72,0,0,false
/Special:WhatLinksHere/Plain_Packaging,200,0,0,5,5,false
http://178.128.58.116/index.php/Special:RecentChangesLinked/Atlas_Network,404,0,0
/Smoking_Allowed,200,6,6,6,6,true
https://tobaccotactics.org/wiki/Category:Australia-and-New-Zealand,404,0,0
/Bute_Communications,200,1,1,1,1,true
http://178.128.58.116/index.php?title=Talk:Plain_Packaging&amp;action=edit&amp;redlink=1,404,0,0
http://178.128.58.116/index.php/Special:RecentChangesLinked/Think_Tanks,404,0,0
/Media_Intelligence_Partners,200,18,18,18,18,true
?title=ECLT&amp;action=info,200,66,50,0,0,false
?title=Think_Tanks&amp;printable=yes,200,176,140,0,0,false
?title=Atlas_Network&amp;printable=yes,200,94,72,0,0,false
/Special:WhatLinksHere/Japan_Tobacco_Group,200,0,0,3,3,false
?title=Imperial_Tobacco&amp;action=edit,200,102,87,0,0,false
http://178.128.58.116/index.php/Special:RecentChangesLinked/Imperial_Tobacco,404,0,0
/Consumer_Packaging_Manufacturers_Alliance,200,8,6,8,6,true
http://178.128.58.116/index.php?title=Talk:JUUL_Labs&amp;action=edit&amp;redlink=1,404,0,0
?title=E-Cigarettes:_Philip_Morris_International&amp;action=history,200,55,41,0,0,false
http://178.128.58.116/index.php/Special:RecentChangesLinked/ECLT,404,0,0
http://178.128.58.116/index.php/Special:RecentChangesLinked/Institute_of_Economic_Affairs,404,0,0
/Beer_Davies,200,2,2,2,2,true
/Felula,200,1,1,1,1,true
?title=Atlas_Network&amp;action=history,200,94,72,0,0,false
?title=Category:East_Asia_and_Pacific&amp;action=edit&amp;redlink=1,200,0,0,0,0,true
?title=Carlo_Sacchetto&amp;action=info,200,5,5,0,0,false
/European_Communities_Trademark_Association,200,16,9,10,10,false
?title=Category:Other_Industries&amp;action=edit&amp;redlink=1,200,0,0,0,0,true
http://178.128.58.116/index.php/Special:RecentChangesLinked/Smokeless_Tobacco,404,0,0
?title=Adam_Smith_Institute&amp;action=info,200,22,19,0,0,false
https://tobaccotactics.org/wiki/Category:BAT,404,0,0
http://178.128.58.116/index.php?title=Talk:Harm_Reduction&amp;action=edit&amp;redlink=1,404,0,0
?title=Tobacco_Manufacturers%27_Association&amp;oldid=23754,200,30,29,0,0,false
?title=Smokeless_Tobacco&amp;printable=yes,200,11,11,0,0,false
/Special:WhatLinksHere/UNITAB,200,0,0,26,26,false
?title=Andr%C3%A9_Calantzopoulos&amp;action=info,200,6,6,0,0,false
?title=Fetratab&amp;action=info,200,29,17,0,0,false
?title=Harm_Reduction&amp;action=history,200,4,4,0,0,false
/Halogen_Communications,200,16,14,13,13,false
https://tobaccotactics.org/wiki/Category:Freedom-of-Information-Requests,404,0,0
?title=Chile-Country_Profile&amp;printable=yes,200,41,36,0,0,false
?title=Jeff_Stier&amp;action=history,200,13,11,0,0,false
?title=Plain_Packaging&amp;action=history,200,13,7,0,0,false
?title=Plain_Packaging&amp;action=edit,200,13,7,0,0,false
?title=Jeff_Stier&amp;action=edit,200,13,11,0,0,false
?title=Atlas_Network&amp;oldid=24015,200,94,72,0,0,false
?title=Plain_Packaging&amp;printable=yes,200,13,7,0,0,false
?title=File:Invite_to_PMI_funded_event_in_Chile_May_2019.jpg&amp;action=info,200,0,0,0,0,true
http://178.128.58.116/index.php/Special:RecentChangesLinked/E-Cigarettes:_Lorillard,404,0,0
/Alun_Davies,200,2,2,2,2,true
?title=Category:Sub-Saharan_Africa&amp;action=edit&amp;redlink=1,200,0,0,0,0,true
?title=Harm_Reduction&amp;action=edit,200,4,4,0,0,false
/European_Carton_Makers_Association,200,33,26,26,26,false
/Special:WhatLinksHere/Harm_Reduction,200,0,0,4,4,false
?title=Imperial_Tobacco&amp;printable=yes,200,102,87,0,0,false
http://178.128.58.116/index.php/Special:RecentChangesLinked/Japan_Tobacco_Group,404,0,0
?title=Smokeless_Tobacco&amp;action=info,200,11,11,0,0,false
?title=Atlas_Network&amp;action=info,200,94,72,0,0,false
https://tobaccotactics.org/wiki/APRAM,404,0,0
/Special:WhatLinksHere/JUUL_Labs,200,0,0,149,111,false
?title=Federation_of_Independent_Retailers_(NFRN)&amp;oldid=23583,200,22,20,0,0,false
/Swedish_Match:_Lobbying_of_EU_Officials,200,15,11,15,11,true
/Martin_Braddock,200,10,8,10,8,true
/Pepper_Public_Affairs,200,4,4,4,4,true
/Scotland_Plain_Packaging:_Scaremongering_over_Illicit_Tobacco,200,34,32,32,32,false
/Countering_Industry_Arguments_Against_Plain_Packaging:_It_Breaches_Intellectual_Property_Rights,200,18,17,18,17,true
/Edward_Garnier,200,3,3,3,3,true
?title=Harm_Reduction&amp;printable=yes,200,4,4,0,0,false
?title=Federation_of_Independent_Retailers_(NFRN)&amp;action=history,200,22,20,0,0,false
?title=WHO_Definitions_of_Tobacco_Industry_Tactics&amp;action=info,200,3,2,0,0,false
http://178.128.58.116/index.php/Special:RecentChangesLinked/E-Cigarettes:_Philip_Morris_International,404,0,0
/Stephen_Metcalfe,200,13,13,13,13,true
/Paul_Neumann,200,3,3,3,3,true
http://178.128.58.116/index.php/Special:RecentChangesLinked/Harm_Reduction,404,0,0
/Gerald_Kaufman,200,2,2,2,2,true
/Australia:_Campaigning_websites,200,5,5,6,6,false
/Philip_Hammond,200,5,5,5,5,true
/Stefan_Fitz,200,7,4,5,5,false
/Special:WhatLinksHere/E-Cigarettes:_Imperial_Tobacco,200,0,0,138,130,false
/Special:WhatLinksHere/Jeff_Stier,200,0,0,11,11,false
/James_Gray,200,2,2,2,2,true
/Clifford_Chance,200,6,6,6,6,true
?title=Industry_Arguments_Against_Plain_Packaging&amp;action=history,200,36,30,0,0,false
/Special:WhatLinksHere/E-Cigarettes:_Philip_Morris_International,200,0,0,55,41,false
?title=Chile-Country_Profile&amp;action=info,200,41,36,0,0,false
?title=Institute_of_Economic_Affairs&amp;action=info,200,67,56,0,0,false
?title=Tobacco_Manufacturers%27_Association&amp;action=edit,200,30,29,0,0,false
/Countering_Industry_Arguments_Against_Plain_Packaging:_The_Nanny_State_is_going_Too_Far,200,8,8,8,8,true
http://178.128.58.116/index.php?title=Talk:Federation_of_Independent_Retailers_(NFRN)&amp;action=edit&amp;redlink=1,404,0,0
/Mark_Pritchard,200,2,2,2,2,true
http://178.128.58.116/index.php/Special:RecentChangesLinked/UNITAB,404,0,0
?title=E-Cigarettes:_Lorillard&amp;printable=yes,200,7,5,0,0,false
https://tobaccotactics.org/wiki/Special:WhatLinksHere/Tobacco-Manufacturers%27-Association,404,0,0
?title=Federation_of_Independent_Retailers_(NFRN)&amp;printable=yes,200,22,20,0,0,false
?title=JUUL_Labs&amp;printable=yes,200,149,111,0,0,false
/Richard_Ottaway,200,8,8,8,8,true
?title=Imperial_and_Gallaher_Involvement_in_Tobacco_Smuggling&amp;action=info,200,18,13,0,0,false
/Gerald_Howarth,200,13,12,12,12,false
/David_Morris,200,4,2,2,2,false
?title=Institute_of_Economic_Affairs&amp;printable=yes,200,67,56,0,0,false
?title=UNITAB&amp;action=info,200,38,26,0,0,false
http://178.128.58.116/index.php/Special:RecentChangesLinked/Federation_of_Independent_Retailers_(NFRN),404,0,0
?title=E-Cigarettes:_Philip_Morris_International&amp;action=info,200,55,41,0,0,false
?title=Harm_Reduction&amp;action=info,200,4,4,0,0,false
?title=E-Cigarettes:_Japan_Tobacco_International&amp;action=history,200,72,44,0,0,false
?title=UNITAB&amp;printable=yes,200,38,26,0,0,false
http://178.128.58.116/index.php/Special:RecentChangesLinked/JUUL_Labs,404,0,0
?title=E-Cigarettes:_Philip_Morris_International&amp;printable=yes,200,55,41,0,0,false
?title=E-Cigarettes:_Imperial_Tobacco&amp;printable=yes,200,190,129,0,0,false
/Special:WhatLinksHere/Lobbying_Decision_Makers,200,0,0,4,4,false
?title=Japan_Tobacco_Group&amp;action=info,200,3,3,0,0,false
?title=Tobacco_Manufacturers%27_Association&amp;action=history,200,30,29,0,0,false
?title=JUUL_Labs&amp;action=edit,200,149,111,0,0,false
?title=WHO_Definitions_of_Tobacco_Industry_Tactics&amp;printable=yes,200,3,2,0,0,false
?title=Federation_of_Independent_Retailers_(NFRN)&amp;action=edit,200,22,20,0,0,false
?title=Imperial_Tobacco&amp;oldid=23976,200,102,87,0,0,false
?title=Industry_Arguments_Against_Plain_Packaging&amp;action=edit,200,36,30,0,0,false
?title=EFFAT&amp;action=info,200,38,20,0,0,false
/Lindsay_Hoyle,200,1,1,1,1,true
http://178.128.58.116/index.php?title=Talk:Industry_Arguments_Against_Plain_Packaging&amp;action=edit&amp;redlink=1,404,0,0
/Jim_Dowd,200,8,8,8,8,true
?title=Industry_Arguments_Against_Plain_Packaging&amp;oldid=23879,200,36,30,0,0,false
/Stephen_Hepburn,200,8,6,7,7,false
http://178.128.58.116/index.php/Special:RecentChangesLinked/E-Cigarettes:_Imperial_Tobacco,404,0,0
http://178.128.58.116/index.php?title=Talk:Petrol_Retailers_Association&amp;action=edit&amp;redlink=1,404,0,0
https://tobaccotactics.org/wiki/Karin-Riis-J%C3%B8rgensen,404,0,0
/Cheryl_Gillan,200,5,4,5,4,true
/Karl_McCartney,200,8,8,8,8,true
/Howard_Parks,200,8,5,8,5,true
/Special:WhatLinksHere/Industry_Arguments_Against_Plain_Packaging,200,0,0,36,30,false
/INHouse_Communications,200,2,2,2,2,true
?title=EFFAT&amp;printable=yes,200,38,20,0,0,false
?title=Imperial_Tobacco&amp;amp%3Bredirect=no&amp;printable=yes,200,102,87,0,0,false
?title=Think_Tanks&amp;action=info,200,176,140,0,0,false
?title=Industry_Arguments_Against_Plain_Packaging&amp;printable=yes,200,36,30,0,0,false
http://178.128.58.116/index.php/Special:RecentChangesLinked/Industry_Arguments_Against_Plain_Packaging,404,0,0
?title=Lobbying_Decision_Makers&amp;printable=yes,200,4,4,0,0,false
/Simon_Hart,200,7,7,7,7,true
?title=Industry_Arguments_Against_Plain_Packaging&amp;action=info,200,36,30,0,0,false
/Michael_Ellis,200,6,6,6,6,true
?title=JUUL_Labs&amp;action=info,200,149,111,0,0,false
?title=JUUL_Labs&amp;action=history,200,149,111,0,0,false
?title=Lobbying_Decision_Makers&amp;action=info,200,4,4,0,0,false
/FOI:_Stirling_University,200,6,4,6,4,true
/Ian_Paisley,200,18,11,18,11,true
?title=E-Cigarettes:_Lorillard&amp;action=info,200,7,5,0,0,false
/Special:WhatLinksHere/Federation_of_Independent_Retailers_(NFRN),200,0,0,22,20,false
http://178.128.58.116/index.php/Special:RecentChangesLinked/Lobbying_Decision_Makers,404,0,0
/Nigel_Evans,200,11,7,8,8,false
/Gardant_Communications,200,4,4,4,4,true
?title=E-Cigarettes:_Imperial_Tobacco&amp;action=info,200,190,129,0,0,false
http://178.128.58.116/index.php/Special:RecentChangesLinked/Jeff_Stier,404,0,0
https://tobaccotactics.org/wiki/Be-Marlboro:-Targeting-the-World%27s-Biggest-Brand-at-Youth,404,0,0
http://178.128.58.116/index.php/Special:RecentChangesLinked/Tobacco_Manufacturers%27_Association,404,0,0
?title=Jeff_Stier&amp;printable=yes,200,13,11,0,0,false
?title=Jeff_Stier&amp;action=info,200,13,11,0,0,false
?title=Category:Brazil&amp;action=edit&amp;redlink=1,200,0,0,0,0,true
/Transcrime,200,18,13,18,13,true
/Special:WhatLinksHere/Petrol_Retailers_Association,200,0,0,20,20,false
http://178.128.58.116/index.php/Special:RecentChangesLinked/Petrol_Retailers_Association,404,0,0
?title=Swedish_Match&amp;action=edit,200,58,51,0,0,false
/Lord_Trimble,200,5,5,5,5,true
?title=Tobacco_Industry_Hospitality_for_UK_Politicians&amp;action=info,200,21,19,0,0,false
?title=Petrol_Retailers_Association&amp;action=edit,200,23,21,0,0,false
https://tobaccotactics.org/wiki/The-Australia-%E2%80%93-Hong-Kong-Bilateral-Investment-Treaty,404,0,0
/Michael_Wolf,200,30,21,29,20,false
?title=Philip_Morris&amp;action=history,200,72,64,0,0,false
http://178.128.58.116/index.php?title=Talk:Swedish_Match&amp;action=edit&amp;redlink=1,404,0,0
/Plain_Packaging_in_the_UK:_Tobacco_Industry_Built_Alliances,200,106,68,71,71,false
/Baroness_Wheatcroft,200,7,7,7,7,true
?title=Petrol_Retailers_Association&amp;printable=yes,200,23,21,0,0,false
/Special:WhatLinksHere/Tobacco_Industry_Hospitality_for_UK_Politicians,200,0,0,21,19,false
?title=Petrol_Retailers_Association&amp;action=history,200,23,21,0,0,false
?title=Category:Uruguay&amp;action=edit&amp;redlink=1,200,0,0,0,0,true
/Frits_Vranken,200,4,3,4,3,true
?title=Swedish_Match&amp;oldid=24040,200,58,51,0,0,false
/Roland_Kostantos,200,11,9,9,9,false
?title=Category:Norway&amp;action=edit&amp;redlink=1,200,0,0,0,0,true
/Ashok_Kaul,200,31,23,31,23,true
http://178.128.58.116/index.php/Special:RecentChangesLinked/Japan_Tobacco_International,404,0,0
?title=Japan_Tobacco_International&amp;action=info,200,14,12,0,0,false
/TPD:_Dalligate,200,56,32,56,32,true
/Christofer_Fjellner,200,3,3,3,3,true
/Mark_Spencer,200,4,4,4,4,true
https://tobaccotactics.org/wiki/Category:Politicians,404,0,0
?title=Petrol_Retailers_Association&amp;action=info,200,23,21,0,0,false
/Lynton_Crosby,200,56,32,53,31,false
/Foundation_for_a_Smoke-Free_World:_How_it_Frames_Itself,200,78,57,59,59,false
?title=Federation_of_Indian_Chambers_of_Commerce_%26_Industry&amp;action=history,200,45,40,0,0,false
https://tobaccotactics.org/wiki/Will-O%E2%80%99Reilly,404,0,0
?title=Category:Mexico&amp;action=edit&amp;redlink=1,200,0,0,0,0,true
?title=Tobacco_Manufacturers%27_Association&amp;printable=yes,200,30,29,0,0,false
?title=Tobacco_Manufacturers%27_Association&amp;action=info,200,30,29,0,0,false
?title=Japan_Tobacco_International&amp;action=history,200,14,12,0,0,false
/Special:WhatLinksHere/Swedish_Match,200,0,0,51,51,false
/Paul_Bourassa,200,16,11,11,11,false
?title=Philip_Morris&amp;action=edit,200,72,64,0,0,false
/PMI_IMPACT,200,62,47,50,50,false
/Populus,200,4,4,4,4,true
/Eddy_Pirard,200,7,5,7,5,true
https://tobaccotactics.org/wiki/Philip-Morris%27-Marlboro-Brand-Architecture,404,0,0
?title=Swedish_Match&amp;printable=yes,200,58,51,0,0,false
?title=Japan_Tobacco_International&amp;printable=yes,200,14,12,0,0,false
?title=Swedish_Match&amp;action=info,200,58,51,0,0,false
?title=Swedish_Match&amp;action=history,200,58,51,0,0,false
?title=Tobacco_Industry_Hospitality_for_UK_Politicians&amp;action=history,200,21,19,0,0,false
?title=Japan_Tobacco_International&amp;action=edit,200,14,12,0,0,false
?title=Tobacco_Industry_Hospitality_for_UK_Politicians&amp;printable=yes,200,21,19,0,0,false
/Lord_Naseby,200,24,20,20,20,false
/Michel_Poirier,200,28,18,28,18,true
/The_Swedish_Experience,200,9,9,9,9,true
http://178.128.58.116/index.php?title=Talk:Tobacco_Industry_Hospitality_for_UK_Politicians&amp;action=edit&amp;redlink=1,404,0,0
?title=Philip_Morris&amp;oldid=23595,200,72,64,0,0,false
/Angela_Watkinson,200,8,8,8,8,true
/TPD:_Dalligate_Timeline,200,1,1,1,1,true
?title=Category:Germany&amp;action=edit&amp;redlink=1,200,0,0,0,0,true
/Takehisa_Shibayama,200,2,2,2,2,true
/Influencing_Science:_Funding_Scientists,200,4,4,4,4,true
?title=Tobacco_Industry_Hospitality_for_UK_Politicians&amp;action=edit,200,21,19,0,0,false
/Fadoul_Pekhazis,200,14,7,14,7,true
http://178.128.58.116/index.php?title=Talk:Philip_Morris&amp;action=edit&amp;redlink=1,404,0,0
/Bill_Schulz,200,4,2,4,2,true
http://178.128.58.116/index.php/Special:RecentChangesLinked/Swedish_Match,404,0,0
/Special:WhatLinksHere/Japan_Tobacco_International,200,0,0,67,57,false
?title=Tobacco_Industry_Hospitality_for_UK_Politicians&amp;oldid=23750,200,21,19,0,0,false
/Robert_Walter,200,7,6,6,6,false
/OLAF,200,0,0,0,0,true
?title=Federation_of_Independent_Retailers_(NFRN)&amp;action=info,200,22,20,0,0,false
/Mark_Pawsey,200,15,15,15,15,true
?title=Japan_Tobacco_International&amp;oldid=23448,200,14,12,0,0,false
/Laurence_Robertson,200,10,10,10,10,true
http://178.128.58.116/index.php?title=Talk:Japan_Tobacco_International&amp;action=edit&amp;redlink=1,404,0,0
/Vassilis_Vovos,200,7,4,5,5,false
http://178.128.58.116/index.php/Special:RecentChangesLinked/Tobacco_Industry_Hospitality_for_UK_Politicians,404,0,0
/Andrew_Rosindell,200,12,12,12,12,true
/Alec_Shelbrooke,200,1,1,1,1,true
/Brussels_Network,200,6,4,6,4,true
/Christopher_Pincher,200,7,7,7,7,true
/Special:WhatLinksHere/E-Cigarettes:_Japan_Tobacco_International,200,0,0,72,44,false
/Crosby_Textor_Group,200,24,20,20,20,false
https://tobaccotactics.org/wiki/J%C3%B6rg-Schappei,404,0,0
?title=Category:Benin&amp;action=edit&amp;redlink=1,200,0,0,0,0,true
?title=Category:Bangladesh&amp;action=edit&amp;redlink=1,200,0,0,0,0,true
http://178.128.58.116/index.php/Special:RecentChangesLinked/Federation_of_Indian_Chambers_of_Commerce_%26_Industry,404,0,0
/Special:WhatLinksHere/Philip_Morris,200,0,0,129,112,false
/EUK_Consulting,200,21,16,16,16,false
?title=Category:Burkina_Faso&amp;action=edit&amp;redlink=1,200,0,0,0,0,true
http://178.128.58.116/index.php/Special:RecentChangesLinked/E-Cigarettes:_Japan_Tobacco_International,404,0,0
?title=Category:Cameroon&amp;action=edit&amp;redlink=1,200,0,0,0,0,true
?title=Category:China&amp;action=edit&amp;redlink=1,200,0,0,0,0,true
?title=Category:Botswana&amp;action=edit&amp;redlink=1,200,0,0,0,0,true
?title=E-Cigarettes:_Japan_Tobacco_International&amp;printable=yes,200,72,44,0,0,false
?title=Category:Cape_Verde&amp;action=edit&amp;redlink=1,200,0,0,0,0,true
http://178.128.58.116/index.php?title=Category:Civil_Servants&amp;action=edit&amp;redlink=1,404,0,0
https://tobaccotactics.org/wiki/Special:WhatLinksHere/Federation-of-Indian-Chambers-of-Commerce-%26-Industry,404,0,0
http://178.128.58.116/index.php/Special:RecentChangesLinked/Philip_Morris,404,0,0
?title=Philip_Morris&amp;printable=yes,200,72,64,0,0,false
?title=Category:Burundi&amp;action=edit&amp;redlink=1,200,0,0,0,0,true
?title=Category:Bosnia&amp;action=edit&amp;redlink=1,200,0,0,0,0,true
?title=Category:Belgium&amp;action=edit&amp;redlink=1,200,0,0,0,0,true
?title=Category:Belarus&amp;action=edit&amp;redlink=1,200,0,0,0,0,true
https://tobaccotactics.org/wiki/Category:Bribery,404,0,0
?title=Federation_of_Indian_Chambers_of_Commerce_%26_Industry&amp;action=info,200,45,40,0,0,false
http://178.128.58.116/index.php?title=Category:CSR&amp;action=edit&amp;redlink=1,404,0,0
https://tobaccotactics.org/wiki/Category:British-American-Tobacco-Africa,404,0,0
?title=Special:Categories&amp;printable=yes,200,0,0,0,0,true
?title=Philip_Morris&amp;action=info,200,72,64,0,0,false
?title=Federation_of_Indian_Chambers_of_Commerce_%26_Industry&amp;printable=yes,200,45,40,0,0,false
https://tobaccotactics.org/wiki/Category:Canada-and-United-States,404,0,0
?title=E-Cigarettes:_Japan_Tobacco_International&amp;action=info,200,72,44,0,0,false
http://178.128.58.116/index.php?title=Category:Category_name_here&amp;action=edit&amp;redlink=1,404,0,0
?title=Category:Chad&amp;action=edit&amp;redlink=1,200,0,0,0,0,true
?title=Category:Central_African_Republic&amp;action=edit&amp;redlink=1,200,0,0,0,0,true
http://178.128.58.116/index.php?title=Category:Climate&amp;action=edit&amp;redlink=1,404,0,0
